Country,2022,2021,2020,2019,2018,2017,2016,2015,2014,2013,2012,2011,2010,2009,2008,2007,2006,2005,2004,2003,2002,2001,2000
Afghanistan,<0.1 [<0.1–0.2],<0.1 [<0.1–0.2],<0.1 [<0.1–0.2],<0.1 [<0.1–0.2],<0.1 [<0.1–0.2],<0.1 [<0.1–0.2],<0.1 [<0.1–0.2],<0.1 [<0.1–0.2],<0.1 [<0.1–0.2],<0.1 [<0.1–0.2],<0.1 [<0.1–0.2],<0.1 [<0.1–0.2],<0.1 [<0.1–0.2],<0.1 [<0.1–0.2],<0.1 [<0.1–0.2],<0.1 [<0.1–0.2],<0.1 [<0.1–0.2],<0.1 [<0.1–0.2],<0.1 [<0.1–0.1],<0.1 [<0.1–0.1],<0.1 [<0.1–0.1],<0.1 [<0.1–<0.1],<0.1 [<0.1–<0.1]
Albania,<0.1 [<0.1–<0.1],<0.1 [<0.1–<0.1],<0.1 [<0.1–<0.1],<0.1 [<0.1–<0.1],<0.1 [<0.1–<0.1],<0.1 [<0.1–<0.1],<0.1 [<0.1–<0.1],<0.1 [<0.1–<0.1],<0.1 [<0.1–<0.1],<0.1 [<0.1–<0.1],<0.1 [<0.1–<0.1],<0.1 [<0.1–<0.1],<0.1 [<0.1–<0.1],<0.1 [<0.1–<0.1],<0.1 [<0.1–<0.1],<0.1 [<0.1–<0.1],<0.1 [<0.1–<0.1],<0.1 [<0.1–<0.1],<0.1 [<0.1–<0.1],<0.1 [<0.1–<0.1],<0.1 [<0.1–<0.1],<0.1 [<0.1–<0.1],<0.1 [<0.1–<0.1]
Algeria,<0.1 [<0.1–<0.1],<0.1 [<0.1–<0.1],<0.1 [<0.1–<0.1],<0.1 [<0.1–<0.1],<0.1 [<0.1–<0.1],<0.1 [<0.1–<0.1],<0.1 [<0.1–<0.1],<0.1 [<0.1–<0.1],<0.1 [<0.1–<0.1],<0.1 [<0.1–<0.1],<0.1 [<0.1–<0.1],<0.1 [<0.1–<0.1],<0.1 [<0.1–<0.1],<0.1 [<0.1–<0.1],<0.1 [<0.1–<0.1],<0.1 [<0.1–<0.1],<0.1 [<0.1–<0.1],<0.1 [<0.1–<0.1],<0.1 [<0.1–<0.1],<0.1 [<0.1–<0.1],<0.1 [<0.1–<0.1],<0.1 [<0.1–<0.1],<0.1 [<0.1–<0.1]
Andorra,No data,No data,No data,No data,No data,No data,No data,No data,No data,No data,No data,No data,No data,No data,No data,No data,No data,No data,No data,No data,No data,No data,No data
Angola,1.5 [1.2–1.7],1.5 [1.3–1.7],1.6 [1.3–1.8],1.6 [1.4–1.9],1.7 [1.4–1.9],1.7 [1.5–2],1.8 [1.6–2.1],1.8 [1.6–2.1],1.9 [1.6–2.2],1.9 [1.7–2.2],1.9 [1.7–2.2],1.9 [1.7–2.2],1.9 [1.6–2.2],1.9 [1.6–2.2],1.8 [1.6–2.2],1.8 [1.5–2.2],1.8 [1.5–2.1],1.7 [1.4–2.1],1.6 [1.3–2.1],1.6 [1.2–2],1.5 [1.1–2],1.4 [1.1–1.9],1.3 [1–1.8]
Antigua and Barbuda,No data,No data,No data,No data,No data,No data,No data,No data,No data,No data,No data,No data,No data,No data,No data,No data,No data,No data,No data,No data,No data,No data,No data
Argentina,0.4 [0.4–0.4],0.4 [0.4–0.4],0.4 [0.4–0.4],0.4 [0.4–0.4],0.4 [0.4–0.5],0.4 [0.4–0.4],0.4 [0.4–0.4],0.4 [0.4–0.4],0.4 [0.4–0.4],0.4 [0.4–0.4],0.4 [0.4–0.4],0.4 [0.4–0.4],0.4 [0.4–0.4],0.4 [0.4–0.4],0.4 [0.4–0.4],0.4 [0.3–0.4],0.4 [0.3–0.4],0.4 [0.3–0.4],0.3 [0.3–0.4],0.3 [0.3–0.4],0.3 [0.3–0.3],0.3 [0.3–0.3],0.3 [0.3–0.3]
Armenia,0.3 [0.3–0.5],0.3 [0.3–0.4],0.3 [0.2–0.4],0.3 [0.2–0.3],0.3 [0.2–0.3],0.2 [0.2–0.3],0.2 [0.2–0.2],0.2 [0.2–0.2],0.2 [0.1–0.2],0.1 [0.1–0.2],0.1 [0.1–0.2],0.1 [<0.1–0.1],<0.1 [<0.1–0.1],<0.1 [<0.1–<0.1],<0.1 [<0.1–<0.1],<0.1 [<0.1–<0.1],<0.1 [<0.1–<0.1],<0.1 [<0.1–<0.1],<0.1 [<0.1–<0.1],<0.1 [<0.1–<0.1],<0.1 [<0.1–<0.1],<0.1 [<0.1–<0.1],<0.1 [<0.1–<0.1]
Australia,No data,0.1 [<0.1–0.1],0.1 [<0.1–0.1],0.1 [<0.1–0.1],0.1 [<0.1–0.1],0.1 [<0.1–0.1],0.1 [<0.1–0.1],0.1 [<0.1–0.1],0.1 [<0.1–0.1],0.1 [<0.1–0.1],0.1 [<0.1–0.1],0.1 [<0.1–0.1],0.1 [<0.1–0.1],0.1 [<0.1–0.1],0.1 [<0.1–0.1],0.1 [<0.1–0.1],0.1 [<0.1–0.1],0.1 [<0.1–0.1],0.1 [<0.1–0.1],<0.1 [<0.1–0.1],<0.1 [<0.1–0.1],<0.1 [<0.1–0.1],<0.1 [<0.1–0.1]
Austria,No data,No data,No data,No data,No data,No data,No data,No data,No data,No data,No data,No data,No data,No data,No data,No data,No data,No data,No data,No data,No data,No data,No data
Azerbaijan,0.1 [0.1–0.2],0.1 [0.1–0.2],0.1 [0.1–0.2],0.1 [0.1–0.2],0.1 [0.1–0.2],0.1 [0.1–0.2],0.1 [0.1–0.2],0.1 [0.1–0.1],0.1 [0.1–0.1],0.1 [0.1–0.1],0.1 [0.1–0.1],0.1 [0.1–0.1],0.1 [<0.1–0.1],0.1 [<0.1–0.1],0.1 [<0.1–0.1],0.1 [<0.1–0.1],0.1 [<0.1–0.1],0.1 [<0.1–0.1],<0.1 [<0.1–0.1],<0.1 [<0.1–0.1],<0.1 [<0.1–0.1],<0.1 [<0.1–<0.1],<0.1 [<0.1–<0.1]
Bahamas,0.9 [0.8–1.1],1 [0.9–1.1],1 [0.9–1.2],1.1 [1–1.2],1.1 [1–1.3],1.2 [1.1–1.3],1.2 [1.1–1.4],1.3 [1.2–1.4],1.3 [1.2–1.5],1.4 [1.3–1.5],1.5 [1.3–1.6],1.5 [1.4–1.7],1.6 [1.5–1.7],1.6 [1.5–1.8],1.6 [1.5–1.8],1.7 [1.5–1.8],1.7 [1.6–1.8],1.7 [1.6–1.8],1.7 [1.6–1.9],1.7 [1.6–1.9],1.7 [1.6–1.9],1.8 [1.6–1.9],1.8 [1.7–2]
Bahrain,No data,No data,No data,No data,No data,No data,No data,No data,No data,No data,No data,No data,No data,No data,No data,No data,No data,No data,No data,No data,No data,No data,No data
Bangladesh,<0.1 [<0.1–<0.1],<0.1 [<0.1–<0.1],<0.1 [<0.1–<0.1],<0.1 [<0.1–<0.1],<0.1 [<0.1–<0.1],<0.1 [<0.1–<0.1],<0.1 [<0.1–<0.1],<0.1 [<0.1–<0.1],<0.1 [<0.1–<0.1],<0.1 [<0.1–<0.1],<0.1 [<0.1–<0.1],<0.1 [<0.1–<0.1],<0.1 [<0.1–<0.1],<0.1 [<0.1–<0.1],<0.1 [<0.1–<0.1],<0.1 [<0.1–<0.1],<0.1 [<0.1–<0.1],<0.1 [<0.1–<0.1],<0.1 [<0.1–<0.1],<0.1 [<0.1–<0.1],<0.1 [<0.1–<0.1],<0.1 [<0.1–<0.1],<0.1 [<0.1–<0.1]
Barbados,1 [0.8–1.1],1 [0.8–1.1],1 [0.9–1.1],1 [0.9–1.2],1.1 [0.9–1.2],1.1 [0.9–1.2],1.1 [1–1.2],1.1 [1–1.2],1.1 [1–1.2],1.1 [1–1.2],1.1 [1–1.2],1.1 [1–1.2],1.1 [1–1.2],1.1 [1–1.2],1.1 [1–1.2],1.1 [1–1.2],1.1 [1–1.2],1.1 [1–1.2],1 [0.9–1.1],1 [0.9–1.1],1 [0.9–1.1],1 [0.9–1.1],1 [0.9–1.1]
Belarus,0.4 [0.3–0.6],0.4 [0.3–0.6],0.4 [0.3–0.6],0.4 [0.3–0.6],0.4 [0.3–0.5],0.4 [0.3–0.5],0.4 [0.3–0.5],0.4 [0.3–0.5],0.3 [0.3–0.4],0.3 [0.3–0.4],0.3 [0.2–0.4],0.3 [0.2–0.3],0.2 [0.2–0.3],0.2 [0.2–0.3],0.2 [0.1–0.2],0.2 [0.1–0.2],0.1 [0.1–0.2],0.1 [<0.1–0.1],<0.1 [<0.1–0.1],<0.1 [<0.1–<0.1],<0.1 [<0.1–<0.1],<0.1 [<0.1–<0.1],<0.1 [<0.1–<0.1]
Belgium,0.2 [0.1–0.2],0.2 [0.2–0.2],0.2 [0.2–0.2],0.2 [0.2–0.2],0.2 [0.2–0.2],0.2 [0.2–0.2],0.2 [0.2–0.2],0.2 [0.2–0.2],0.2 [0.2–0.2],0.2 [0.2–0.2],0.2 [0.2–0.2],0.2 [0.2–0.2],0.2 [0.2–0.2],0.2 [0.2–0.2],0.2 [0.2–0.2],0.2 [0.2–0.2],0.2 [0.1–0.2],0.2 [0.1–0.2],0.1 [0.1–0.2],0.1 [0.1–0.1],0.1 [0.1–0.1],0.1 [0.1–0.1],0.1 [0.1–0.1]
Belize,1.3 [1.1–1.4],1.3 [1.2–1.4],1.3 [1.2–1.4],1.3 [1.2–1.4],1.4 [1.2–1.4],1.4 [1.3–1.5],1.4 [1.3–1.5],1.4 [1.3–1.5],1.4 [1.3–1.5],1.4 [1.3–1.5],1.4 [1.4–1.5],1.4 [1.4–1.5],1.4 [1.4–1.5],1.4 [1.4–1.5],1.4 [1.4–1.5],1.4 [1.3–1.5],1.4 [1.3–1.5],1.4 [1.3–1.4],1.3 [1.2–1.4],1.3 [1.2–1.4],1.2 [1.1–1.3],1.2 [1.1–1.2],1.1 [1–1.2]
Benin,0.8 [0.6–0.9],0.8 [0.6–1],0.9 [0.7–1],0.9 [0.7–1.1],1 [0.8–1.1],1 [0.8–1.2],1.1 [0.9–1.2],1.1 [0.9–1.3],1.1 [0.9–1.3],1.2 [0.9–1.3],1.2 [1–1.4],1.2 [1–1.4],1.2 [1–1.4],1.2 [1–1.4],1.2 [1–1.5],1.3 [1.1–1.5],1.3 [1.1–1.5],1.4 [1.2–1.6],1.4 [1.2–1.6],1.5 [1.3–1.7],1.5 [1.3–1.7],1.5 [1.3–1.8],1.6 [1.3–1.8]
Bhutan,0.2 [0.2–0.2],0.2 [0.2–0.2],0.2 [0.2–0.2],0.2 [0.2–0.2],0.2 [0.2–0.2],0.2 [0.2–0.2],0.2 [0.2–0.2],0.2 [0.2–0.2],0.2 [0.2–0.2],0.2 [0.2–0.2],0.2 [0.2–0.2],0.2 [0.2–0.2],0.2 [0.2–0.2],0.2 [0.2–0.2],0.2 [0.2–0.2],0.2 [0.2–0.3],0.2 [0.1–0.3],0.2 [0.1–0.3],0.2 [<0.1–0.2],0.2 [<0.1–0.2],0.1 [<0.1–0.2],0.1 [<0.1–0.2],<0.1 [<0.1–0.1]
Bolivia (Plurinational State of),0.4 [0.3–0.4],0.4 [0.3–0.4],0.4 [0.3–0.4],0.3 [0.3–0.4],0.3 [0.3–0.4],0.3 [0.3–0.4],0.3 [0.3–0.4],0.3 [0.3–0.4],0.3 [0.3–0.4],0.3 [0.3–0.4],0.3 [0.3–0.4],0.3 [0.3–0.4],0.3 [0.3–0.4],0.3 [0.3–0.4],0.3 [0.3–0.4],0.3 [0.3–0.4],0.3 [0.3–0.4],0.3 [0.3–0.4],0.3 [0.2–0.4],0.3 [0.2–0.4],0.3 [0.2–0.4],0.3 [0.2–0.4],0.3 [0.2–0.3]
Bosnia and Herzegovina,No data,No data,No data,No data,No data,No data,No data,No data,No data,No data,No data,No data,No data,No data,No data,No data,No data,No data,No data,No data,No data,No data,No data
Botswana,16.4 [13.7–17.9],17.2 [14.5–18.8],18 [15.3–19.6],18.7 [16–20.3],19.4 [16.8–21],20 [17.4–21.6],20.5 [18–22],21 [18.6–22.4],21.3 [19–22.7],21.6 [19.4–23],21.9 [19.8–23.3],22.1 [20.1–23.5],22.3 [20.4–23.6],22.5 [20.7–23.8],22.8 [21–24.1],23 [21.3–24.3],23.3 [21.6–24.5],23.6 [21.9–24.8],23.9 [22.3–25],24.3 [22.9–25.3],24.7 [23.4–25.7],25.1 [23.8–26],25.3 [24.1–26.4]
Brazil,0.6 [0.5–0.6],0.6 [0.5–0.6],0.6 [0.5–0.6],0.5 [0.5–0.6],0.5 [0.5–0.6],0.5 [0.5–0.6],0.5 [0.4–0.6],0.5 [0.4–0.6],0.5 [0.4–0.6],0.5 [0.4–0.5],0.5 [0.4–0.5],0.5 [0.4–0.5],0.5 [0.4–0.5],0.5 [0.4–0.5],0.4 [0.4–0.5],0.4 [0.4–0.5],0.4 [0.4–0.4],0.4 [0.4–0.4],0.4 [0.3–0.4],0.4 [0.3–0.4],0.3 [0.3–0.4],0.3 [0.3–0.4],0.3 [0.3–0.3]
Brunei Darussalam,No data,No data,No data,No data,No data,No data,No data,No data,No data,No data,No data,No data,No data,No data,No data,No data,No data,No data,No data,No data,No data,No data,No data
Bulgaria,<0.1 [<0.1–0.1],<0.1 [<0.1–0.1],<0.1 [<0.1–<0.1],<0.1 [<0.1–<0.1],<0.1 [<0.1–<0.1],<0.1 [<0.1–<0.1],<0.1 [<0.1–<0.1],<0.1 [<0.1–<0.1],<0.1 [<0.1–<0.1],<0.1 [<0.1–<0.1],<0.1 [<0.1–<0.1],<0.1 [<0.1–<0.1],<0.1 [<0.1–<0.1],<0.1 [<0.1–<0.1],<0.1 [<0.1–<0.1],<0.1 [<0.1–<0.1],<0.1 [<0.1–<0.1],<0.1 [<0.1–<0.1],<0.1 [<0.1–<0.1],<0.1 [<0.1–<0.1],<0.1 [<0.1–<0.1],<0.1 [<0.1–<0.1],<0.1 [<0.1–<0.1]
Burkina Faso,0.6 [0.5–0.7],0.6 [0.5–0.7],0.6 [0.6–0.8],0.7 [0.6–0.8],0.7 [0.6–0.9],0.8 [0.7–0.9],0.8 [0.7–1],0.9 [0.8–1],0.9 [0.8–1.1],1 [0.9–1.1],1 [0.9–1.2],1.1 [0.9–1.3],1.1 [1–1.3],1.2 [1–1.4],1.2 [1.1–1.4],1.3 [1.1–1.5],1.3 [1.2–1.5],1.4 [1.2–1.6],1.5 [1.3–1.7],1.6 [1.3–1.8],1.7 [1.4–2],1.8 [1.5–2.1],1.9 [1.6–2.3]
Burundi,0.9 [0.7–1],0.9 [0.8–1.1],1 [0.8–1.2],1 [0.9–1.2],1.1 [0.9–1.3],1.2 [1–1.3],1.2 [1–1.4],1.3 [1.1–1.5],1.3 [1.2–1.5],1.4 [1.2–1.6],1.5 [1.3–1.7],1.5 [1.3–1.7],1.6 [1.4–1.8],1.7 [1.5–1.9],1.8 [1.6–2],1.9 [1.7–2.1],2 [1.8–2.3],2.1 [1.9–2.4],2.3 [2.1–2.6],2.5 [2.2–2.9],2.8 [2.4–3.2],3 [2.6–3.5],3.3 [2.9–3.9]
Cote d'Ivoire,1.8 [1.6–2.1],1.9 [1.7–2.2],2.1 [1.8–2.3],2.2 [1.9–2.5],2.3 [2–2.6],2.4 [2.2–2.7],2.6 [2.3–2.9],2.7 [2.4–3.1],2.9 [2.6–3.2],3 [2.8–3.4],3.2 [2.9–3.6],3.4 [3–3.8],3.5 [3.2–4],3.7 [3.4–4.2],3.9 [3.5–4.5],4.2 [3.8–4.8],4.5 [4–5.1],4.8 [4.3–5.4],5.2 [4.6–5.8],5.5 [4.9–6.2],5.9 [5.2–6.7],6.3 [5.5–7.1],6.6 [5.8–7.5]
Cabo Verde,0.9 [0.7–1.1],0.9 [0.7–1.1],0.9 [0.7–1],0.9 [0.7–1],0.9 [0.7–1],0.9 [0.7–1],0.8 [0.7–1],0.8 [0.7–0.9],0.8 [0.7–0.9],0.8 [0.7–0.9],0.8 [0.7–0.9],0.8 [0.7–0.9],0.8 [0.7–0.9],0.8 [0.7–0.9],0.8 [0.7–0.9],0.8 [0.7–0.9],0.8 [0.7–0.9],0.8 [0.7–0.9],0.8 [0.7–0.9],0.8 [0.7–0.9],0.8 [0.6–1],0.8 [0.6–1],0.8 [0.6–1]
Cambodia,0.5 [0.4–0.6],0.5 [0.5–0.6],0.6 [0.5–0.7],0.6 [0.5–0.7],0.6 [0.6–0.7],0.7 [0.6–0.8],0.7 [0.6–0.8],0.7 [0.6–0.8],0.8 [0.7–0.9],0.8 [0.7–0.9],0.8 [0.7–0.9],0.9 [0.7–1],0.9 [0.8–1],0.9 [0.8–1],0.9 [0.8–1],1 [0.8–1.1],1 [0.9–1.1],1 [0.9–1.2],1.1 [0.9–1.2],1.1 [1–1.3],1.2 [1–1.3],1.2 [1–1.4],1.2 [1.1–1.4]
Cameroon,2.6 [2.3–2.8],2.8 [2.5–2.9],2.9 [2.6–3.1],3 [2.8–3.2],3.2 [2.9–3.3],3.3 [3.1–3.5],3.4 [3.2–3.6],3.6 [3.4–3.8],3.7 [3.5–3.9],3.9 [3.7–4.1],4 [3.8–4.2],4.1 [3.9–4.3],4.3 [4–4.5],4.4 [4.1–4.6],4.5 [4.2–4.7],4.6 [4.3–4.9],4.7 [4.4–5],4.8 [4.5–5.1],4.9 [4.5–5.3],5 [4.6–5.4],5 [4.6–5.4],5 [4.6–5.4],4.8 [4.4–5.3]
Canada,No data,No data,0.2 [0.1–0.2],0.2 [0.1–0.2],0.2 [0.1–0.2],0.2 [0.1–0.2],0.2 [0.1–0.2],0.2 [0.1–0.2],0.2 [0.1–0.2],0.2 [0.1–0.2],0.2 [0.1–0.2],0.2 [0.1–0.2],0.2 [0.2–0.2],0.2 [0.2–0.2],0.2 [0.2–0.2],0.2 [0.2–0.2],0.2 [0.2–0.2],0.2 [0.2–0.2],0.2 [0.2–0.2],0.2 [0.2–0.2],0.2 [0.2–0.2],0.2 [0.2–0.2],0.2 [0.2–0.2]
Central African Republic,3.4 [2.5–5.2],3.5 [2.6–5],3.5 [2.8–5],3.6 [2.9–4.9],3.7 [3–4.8],3.8 [3.1–4.8],3.9 [3.3–4.8],4 [3.4–4.9],4.1 [3.5–4.9],4.3 [3.7–5.1],4.5 [3.9–5.2],4.7 [4.1–5.4],4.9 [4.2–5.5],5 [4.4–5.8],5.2 [4.6–6],5.4 [4.7–6.3],5.7 [5–6.6],6 [5.2–7],6.3 [5.5–7.5],6.7 [5.7–7.9],7 [6–8.4],7.3 [6.2–8.8],7.6 [6.4–9.2]
Chad,1 [0.8–1.3],1.1 [0.9–1.3],1.2 [0.9–1.4],1.2 [1–1.4],1.3 [1–1.5],1.3 [1.1–1.6],1.3 [1.1–1.6],1.4 [1.2–1.7],1.4 [1.2–1.7],1.5 [1.2–1.8],1.5 [1.2–1.8],1.5 [1.3–1.9],1.6 [1.3–1.9],1.6 [1.2–1.9],1.6 [1.2–2],1.6 [1.3–2],1.7 [1.3–2.1],1.7 [1.3–2.2],1.8 [1.4–2.3],1.9 [1.4–2.4],1.9 [1.4–2.5],2 [1.4–2.6],2 [1.4–2.6]
Chile,0.6 [0.6–0.7],0.6 [0.5–0.6],0.6 [0.5–0.6],0.5 [0.5–0.6],0.5 [0.5–0.5],0.5 [0.4–0.5],0.4 [0.4–0.5],0.4 [0.4–0.5],0.4 [0.4–0.4],0.4 [0.3–0.4],0.3 [0.3–0.4],0.3 [0.3–0.3],0.3 [0.3–0.3],0.3 [0.3–0.3],0.3 [0.2–0.3],0.3 [0.2–0.3],0.2 [0.2–0.3],0.2 [0.2–0.3],0.2 [0.2–0.3],0.2 [0.2–0.2],0.2 [0.2–0.2],0.2 [0.2–0.2],0.2 [0.2–0.2]
China,No data,No data,No data,No data,No data,No data,No data,No data,No data,No data,No data,No data,No data,No data,No data,No data,No data,No data,No data,No data,No data,No data,No data
Colombia,0.5 [0.4–0.6],0.5 [0.4–0.6],0.5 [0.4–0.6],0.4 [0.4–0.5],0.4 [0.4–0.5],0.4 [0.4–0.5],0.4 [0.4–0.5],0.4 [0.4–0.5],0.4 [0.4–0.5],0.4 [0.4–0.5],0.4 [0.4–0.5],0.4 [0.3–0.5],0.4 [0.3–0.5],0.4 [0.3–0.5],0.4 [0.3–0.5],0.4 [0.3–0.5],0.4 [0.3–0.5],0.4 [0.3–0.5],0.4 [0.3–0.5],0.4 [0.3–0.5],0.4 [0.3–0.5],0.3 [0.3–0.4],0.3 [0.3–0.4]
Comoros,<0.1 [<0.1–<0.1],<0.1 [<0.1–<0.1],<0.1 [<0.1–<0.1],<0.1 [<0.1–<0.1],<0.1 [<0.1–<0.1],<0.1 [<0.1–<0.1],<0.1 [<0.1–<0.1],<0.1 [<0.1–<0.1],<0.1 [<0.1–<0.1],<0.1 [<0.1–<0.1],<0.1 [<0.1–<0.1],<0.1 [<0.1–<0.1],<0.1 [<0.1–<0.1],<0.1 [<0.1–<0.1],<0.1 [<0.1–<0.1],<0.1 [<0.1–<0.1],<0.1 [<0.1–<0.1],<0.1 [<0.1–<0.1],<0.1 [<0.1–<0.1],<0.1 [<0.1–<0.1],<0.1 [<0.1–<0.1],<0.1 [<0.1–<0.1],<0.1 [<0.1–<0.1]
Congo,4.1 [2.9–6],4 [2.9–5.7],4 [2.9–5.4],3.9 [2.9–5.2],3.8 [3–4.9],3.7 [3–4.7],3.7 [3–4.5],3.6 [3–4.3],3.6 [3.1–4.2],3.6 [3.1–4.1],3.5 [3.1–4.1],3.5 [3–4],3.5 [3–4],3.5 [3–4],3.5 [3–3.9],3.5 [3–4],3.6 [3.1–4.1],3.7 [3.2–4.2],3.7 [3.2–4.3],3.8 [3.2–4.4],3.9 [3.3–4.6],4 [3.4–4.8],4.2 [3.5–5.1]
Cook Islands,No data,No data,No data,No data,No data,No data,No data,No data,No data,No data,No data,No data,No data,No data,No data,No data,No data,No data,No data,No data,No data,No data,No data
Costa Rica,0.5 [0.4–0.5],0.5 [0.4–0.5],0.5 [0.4–0.5],0.4 [0.4–0.5],0.4 [0.4–0.5],0.4 [0.4–0.5],0.4 [0.4–0.4],0.4 [0.4–0.4],0.4 [0.4–0.4],0.4 [0.3–0.4],0.4 [0.3–0.4],0.3 [0.3–0.4],0.3 [0.3–0.3],0.3 [0.3–0.3],0.3 [0.2–0.3],0.3 [0.2–0.3],0.2 [0.2–0.2],0.2 [0.2–0.2],0.2 [0.2–0.2],0.2 [0.2–0.2],0.2 [0.2–0.2],0.2 [0.1–0.2],0.1 [0.1–0.2]
Croatia,<0.1 [<0.1–<0.1],<0.1 [<0.1–<0.1],<0.1 [<0.1–<0.1],<0.1 [<0.1–<0.1],<0.1 [<0.1–<0.1],<0.1 [<0.1–<0.1],<0.1 [<0.1–<0.1],<0.1 [<0.1–<0.1],<0.1 [<0.1–<0.1],<0.1 [<0.1–<0.1],<0.1 [<0.1–<0.1],<0.1 [<0.1–<0.1],<0.1 [<0.1–<0.1],<0.1 [<0.1–<0.1],<0.1 [<0.1–<0.1],<0.1 [<0.1–<0.1],<0.1 [<0.1–<0.1],<0.1 [<0.1–<0.1],<0.1 [<0.1–<0.1],<0.1 [<0.1–<0.1],<0.1 [<0.1–<0.1],<0.1 [<0.1–<0.1],<0.1 [<0.1–<0.1]
Cuba,0.6 [0.6–0.7],0.6 [0.5–0.7],0.6 [0.5–0.6],0.6 [0.5–0.6],0.5 [0.5–0.6],0.5 [0.5–0.6],0.5 [0.4–0.5],0.5 [0.4–0.5],0.4 [0.4–0.5],0.4 [0.4–0.4],0.4 [0.4–0.4],0.4 [0.3–0.4],0.3 [0.3–0.3],0.3 [0.3–0.3],0.3 [0.3–0.3],0.2 [0.2–0.3],0.2 [0.2–0.2],0.2 [0.2–0.2],0.2 [0.1–0.2],0.1 [0.1–0.1],0.1 [0.1–0.1],<0.1 [<0.1–<0.1],<0.1 [<0.1–<0.1]
Cyprus,No data,0.1 [0.1–0.2],0.1 [0.1–0.2],0.1 [0.1–0.2],0.1 [0.1–0.2],0.1 [0.1–0.2],0.1 [0.1–0.1],0.1 [0.1–0.1],0.1 [0.1–0.1],0.1 [0.1–0.1],0.1 [<0.1–0.1],<0.1 [<0.1–0.1],<0.1 [<0.1–<0.1],<0.1 [<0.1–<0.1],<0.1 [<0.1–<0.1],<0.1 [<0.1–<0.1],<0.1 [<0.1–<0.1],<0.1 [<0.1–<0.1],<0.1 [<0.1–<0.1],<0.1 [<0.1–<0.1],<0.1 [<0.1–<0.1],<0.1 [<0.1–<0.1],<0.1 [<0.1–<0.1]
Czechia,<0.1 [<0.1–<0.1],<0.1 [<0.1–<0.1],<0.1 [<0.1–<0.1],<0.1 [<0.1–<0.1],<0.1 [<0.1–<0.1],<0.1 [<0.1–<0.1],<0.1 [<0.1–<0.1],<0.1 [<0.1–<0.1],<0.1 [<0.1–<0.1],<0.1 [<0.1–<0.1],<0.1 [<0.1–<0.1],<0.1 [<0.1–<0.1],<0.1 [<0.1–<0.1],<0.1 [<0.1–<0.1],<0.1 [<0.1–<0.1],<0.1 [<0.1–<0.1],<0.1 [<0.1–<0.1],<0.1 [<0.1–<0.1],<0.1 [<0.1–<0.1],<0.1 [<0.1–<0.1],<0.1 [<0.1–<0.1],<0.1 [<0.1–<0.1],<0.1 [<0.1–<0.1]
Democratic People's Republic of Korea,No data,No data,No data,No data,No data,No data,No data,No data,No data,No data,No data,No data,No data,No data,No data,No data,No data,No data,No data,No data,No data,No data,No data
Democratic Republic of the Congo,0.6 [0.5–0.7],0.6 [0.5–0.8],0.7 [0.5–0.8],0.7 [0.6–0.8],0.7 [0.6–0.9],0.8 [0.6–0.9],0.8 [0.7–0.9],0.8 [0.7–1],0.9 [0.7–1],0.9 [0.8–1.1],1 [0.8–1.1],1 [0.9–1.2],1.1 [0.9–1.2],1.1 [0.9–1.3],1.2 [1–1.4],1.2 [1–1.4],1.3 [1.1–1.5],1.4 [1.2–1.6],1.5 [1.2–1.6],1.5 [1.3–1.7],1.6 [1.4–1.8],1.7 [1.4–1.9],1.8 [1.5–2]
Denmark,<0.1 [<0.1–0.1],<0.1 [<0.1–0.1],0.1 [<0.1–0.1],0.1 [<0.1–0.1],0.1 [<0.1–0.1],0.1 [0.1–0.1],0.1 [0.1–0.1],0.1 [0.1–0.1],0.1 [0.1–0.1],0.1 [0.1–0.1],0.1 [0.1–0.1],0.1 [0.1–0.1],0.1 [0.1–0.1],0.1 [0.1–0.1],0.1 [0.1–0.1],0.1 [0.1–0.1],0.1 [0.1–0.1],0.1 [0.1–0.1],0.1 [0.1–0.1],0.1 [0.1–0.1],0.1 [0.1–0.1],0.1 [0.1–0.1],0.1 [0.1–0.1]
Djibouti,No data,No data,No data,No data,No data,No data,No data,No data,No data,No data,No data,No data,No data,No data,No data,No data,No data,No data,No data,No data,No data,No data,No data
Dominica,No data,No data,No data,No data,No data,No data,No data,No data,No data,No data,No data,No data,No data,No data,No data,No data,No data,No data,No data,No data,No data,No data,No data
Dominican Republic,1 [0.8–1.2],1 [0.8–1.2],1 [0.8–1.2],1 [0.8–1.2],1 [0.8–1.2],1 [0.8–1.2],1 [0.9–1.2],1 [0.9–1.2],1.1 [0.9–1.2],1.1 [1–1.2],1.1 [1–1.3],1.1 [1–1.3],1.2 [1–1.3],1.2 [1.1–1.3],1.2 [1.1–1.3],1.2 [1.1–1.4],1.3 [1.1–1.4],1.3 [1.2–1.5],1.4 [1.2–1.5],1.4 [1.2–1.6],1.4 [1.3–1.6],1.5 [1.3–1.7],1.5 [1.2–1.7]
Ecuador,0.4 [0.4–0.5],0.4 [0.4–0.5],0.4 [0.4–0.4],0.4 [0.4–0.4],0.4 [0.4–0.4],0.4 [0.4–0.4],0.4 [0.4–0.4],0.4 [0.3–0.4],0.4 [0.3–0.4],0.4 [0.3–0.4],0.4 [0.3–0.4],0.4 [0.3–0.4],0.4 [0.3–0.4],0.4 [0.3–0.4],0.3 [0.3–0.4],0.3 [0.3–0.4],0.3 [0.3–0.4],0.3 [0.3–0.4],0.3 [0.3–0.4],0.3 [0.3–0.4],0.3 [0.3–0.4],0.3 [0.3–0.4],0.3 [0.2–0.4]
Egypt,<0.1 [<0.1–<0.1],<0.1 [<0.1–<0.1],<0.1 [<0.1–<0.1],<0.1 [<0.1–<0.1],<0.1 [<0.1–<0.1],<0.1 [<0.1–<0.1],<0.1 [<0.1–<0.1],<0.1 [<0.1–<0.1],<0.1 [<0.1–<0.1],<0.1 [<0.1–<0.1],<0.1 [<0.1–<0.1],<0.1 [<0.1–<0.1],<0.1 [<0.1–<0.1],<0.1 [<0.1–<0.1],<0.1 [<0.1–<0.1],<0.1 [<0.1–<0.1],<0.1 [<0.1–<0.1],<0.1 [<0.1–<0.1],<0.1 [<0.1–<0.1],<0.1 [<0.1–<0.1],<0.1 [<0.1–<0.1],<0.1 [<0.1–<0.1],<0.1 [<0.1–<0.1]
El Salvador,0.5 [0.4–0.5],0.5 [0.4–0.5],0.5 [0.4–0.5],0.5 [0.4–0.5],0.5 [0.4–0.6],0.5 [0.5–0.6],0.5 [0.5–0.6],0.5 [0.5–0.6],0.5 [0.5–0.6],0.6 [0.5–0.6],0.6 [0.5–0.6],0.6 [0.5–0.6],0.6 [0.5–0.6],0.5 [0.5–0.6],0.5 [0.5–0.6],0.5 [0.5–0.6],0.5 [0.5–0.5],0.5 [0.5–0.5],0.5 [0.4–0.5],0.4 [0.4–0.5],0.4 [0.4–0.5],0.4 [0.4–0.5],0.4 [0.3–0.4]
Equatorial Guinea,6.7 [5–8.8],6.7 [5.2–8.8],6.8 [5.3–8.8],6.8 [5.4–8.7],6.8 [5.5–8.6],6.7 [5.5–8.4],6.7 [5.4–8.2],6.6 [5.4–8],6.5 [5.3–7.7],6.3 [5.3–7.5],6.2 [5.2–7.3],6 [5–7],5.8 [4.9–6.8],5.7 [4.7–6.7],5.5 [4.5–6.5],5.3 [4.3–6.3],5.1 [4.1–6.2],4.9 [3.9–6.1],4.7 [3.6–6],4.5 [3.4–5.9],4.4 [3.1–5.8],4.1 [2.9–5.7],3.9 [2.6–5.6]
Eritrea,0.4 [0.3–0.6],0.5 [0.3–0.6],0.5 [0.3–0.6],0.5 [0.4–0.7],0.6 [0.4–0.7],0.6 [0.4–0.8],0.7 [0.5–0.8],0.7 [0.5–0.9],0.7 [0.5–0.9],0.8 [0.6–1],0.8 [0.6–1],0.8 [0.6–1.1],0.9 [0.6–1.1],0.9 [0.7–1.2],1 [0.7–1.3],1 [0.7–1.3],1 [0.7–1.4],1.1 [0.8–1.5],1.2 [0.8–1.6],1.3 [0.9–1.7],1.3 [0.9–1.8],1.4 [1–1.8],1.5 [1–1.9]
Estonia,0.7 [0.6–0.8],0.7 [0.6–0.8],0.7 [0.7–0.8],0.8 [0.7–0.8],0.8 [0.7–0.8],0.8 [0.7–0.9],0.8 [0.7–0.9],0.8 [0.7–0.9],0.8 [0.7–0.9],0.8 [0.7–0.9],0.8 [0.7–0.8],0.8 [0.7–0.8],0.8 [0.7–0.8],0.7 [0.7–0.8],0.7 [0.6–0.7],0.6 [0.6–0.7],0.6 [0.6–0.6],0.5 [0.5–0.6],0.5 [0.4–0.5],0.4 [0.4–0.4],0.3 [0.3–0.3],0.2 [0.1–0.2],<0.1 [<0.1–<0.1]
Eswatini,25.9 [24.7–26.5],26.8 [25.8–27.3],27.6 [26.8–28],28.4 [27.7–28.8],28.9 [28.3–29.2],29.2 [28.8–29.5],29.6 [29.2–30],29.9 [29.6–30.3],29.9 [29.5–30.2],29.5 [29.1–29.8],28.9 [28.5–29.4],28.4 [27.9–28.9],27.9 [27.4–28.5],27.5 [26.9–28.2],27.2 [26.6–27.9],27 [26.3–27.7],26.7 [25.9–27.6],26.5 [25.6–27.4],26.3 [25.3–27.3],26.1 [24.9–27.2],25.7 [24.4–27],25.3 [23.9–26.7],24.6 [22.9–26.2]
Ethiopia,0.8 [0.6–1],0.8 [0.6–1],0.9 [0.7–1.1],0.9 [0.7–1.2],1 [0.8–1.3],1 [0.8–1.3],1.1 [0.9–1.4],1.2 [0.9–1.5],1.2 [0.9–1.6],1.3 [1–1.6],1.3 [1–1.7],1.4 [1.1–1.8],1.4 [1.1–1.8],1.5 [1.2–1.9],1.5 [1.2–2],1.6 [1.3–2.1],1.7 [1.3–2.2],1.8 [1.4–2.4],2 [1.6–2.6],2.2 [1.7–2.8],2.3 [1.8–3],2.5 [2–3.3],2.7 [2.1–3.5]
Fiji,0.3 [0.2–0.7],0.3 [0.2–0.6],0.3 [0.2–0.6],0.2 [0.2–0.5],0.2 [0.1–0.4],0.2 [0.1–0.4],0.2 [0.1–0.3],0.2 [0.1–0.3],0.1 [<0.1–0.3],0.1 [<0.1–0.2],0.1 [<0.1–0.2],<0.1 [<0.1–0.2],<0.1 [<0.1–0.2],<0.1 [<0.1–0.1],<0.1 [<0.1–0.1],<0.1 [<0.1–0.1],<0.1 [<0.1–0.1],<0.1 [<0.1–0.1],<0.1 [<0.1–0.1],<0.1 [<0.1–0.1],<0.1 [<0.1–0.1],<0.1 [<0.1–0.1],<0.1 [<0.1–0.1]
Finland,No data,No data,No data,No data,No data,No data,No data,No data,No data,No data,No data,No data,No data,No data,No data,No data,No data,No data,No data,No data,No data,No data,No data
France,0.3 [0.3–0.4],0.3 [0.3–0.4],0.4 [0.3–0.4],0.4 [0.3–0.4],0.4 [0.3–0.4],0.4 [0.3–0.4],0.4 [0.3–0.4],0.4 [0.3–0.4],0.4 [0.3–0.4],0.4 [0.3–0.4],0.3 [0.3–0.4],0.3 [0.3–0.4],0.3 [0.3–0.4],0.3 [0.3–0.4],0.3 [0.3–0.4],0.3 [0.3–0.4],0.3 [0.3–0.4],0.3 [0.2–0.3],0.3 [0.2–0.3],0.3 [0.2–0.3],0.3 [0.2–0.3],0.2 [0.2–0.3],0.2 [0.2–0.3]
Gabon,2.9 [2.2–3.8],3 [2.3–3.9],3.1 [2.5–4],3.2 [2.6–4],3.3 [2.7–4.1],3.5 [2.8–4.3],3.6 [3–4.4],3.7 [3.1–4.5],3.9 [3.2–4.7],4 [3.3–4.8],4.1 [3.3–4.9],4.2 [3.5–5],4.3 [3.6–5.2],4.5 [3.7–5.4],4.6 [3.7–5.6],4.7 [3.7–5.8],4.7 [3.8–6],4.8 [3.8–6.1],4.9 [3.7–6.3],5 [3.7–6.5],5.1 [3.7–6.7],5.1 [3.6–6.8],5.1 [3.5–6.9]
Gambia,1.4 [1.1–1.8],1.5 [1.1–1.9],1.5 [1.2–2],1.6 [1.2–2.1],1.7 [1.3–2.1],1.7 [1.3–2.2],1.8 [1.4–2.3],1.8 [1.4–2.3],1.9 [1.4–2.4],1.9 [1.5–2.4],1.9 [1.5–2.4],1.9 [1.5–2.4],1.9 [1.5–2.5],1.9 [1.5–2.5],2 [1.5–2.5],2 [1.5–2.5],2 [1.5–2.5],1.9 [1.5–2.4],1.9 [1.5–2.4],1.9 [1.5–2.4],1.8 [1.4–2.3],1.7 [1.3–2.2],1.6 [1.2–2.1]
Georgia,0.3 [0.3–0.3],0.3 [0.3–0.3],0.3 [0.3–0.3],0.3 [0.3–0.3],0.3 [0.3–0.3],0.3 [0.3–0.3],0.3 [0.2–0.3],0.2 [0.2–0.3],0.2 [0.2–0.2],0.2 [0.2–0.2],0.2 [0.2–0.2],0.2 [0.2–0.2],0.1 [0.1–0.2],0.1 [0.1–0.1],0.1 [<0.1–0.1],<0.1 [<0.1–<0.1],<0.1 [<0.1–<0.1],<0.1 [<0.1–<0.1],<0.1 [<0.1–<0.1],<0.1 [<0.1–<0.1],<0.1 [<0.1–<0.1],<0.1 [<0.1–<0.1],<0.1 [<0.1–<0.1]
Germany,No data,0.1 [0.1–0.2],0.1 [0.1–0.2],0.1 [0.1–0.2],0.1 [0.1–0.2],0.1 [0.1–0.2],0.1 [0.1–0.1],0.1 [0.1–0.1],0.1 [0.1–0.1],0.1 [0.1–0.1],0.1 [<0.1–0.1],0.1 [<0.1–0.1],0.1 [<0.1–0.1],0.1 [<0.1–0.1],0.1 [<0.1–0.1],0.1 [<0.1–0.1],<0.1 [<0.1–0.1],<0.1 [<0.1–0.1],<0.1 [<0.1–0.1],<0.1 [<0.1–<0.1],<0.1 [<0.1–<0.1],<0.1 [<0.1–<0.1],<0.1 [<0.1–<0.1]
Ghana,1.7 [1.4–2],1.7 [1.5–2],1.7 [1.5–2],1.7 [1.5–2],1.8 [1.5–2],1.8 [1.5–2],1.8 [1.6–2.1],1.8 [1.6–2.1],1.8 [1.6–2.1],1.9 [1.6–2.1],1.9 [1.6–2.2],1.9 [1.6–2.2],1.9 [1.7–2.2],2 [1.7–2.2],2 [1.7–2.3],2.1 [1.8–2.4],2.1 [1.9–2.4],2.2 [1.9–2.5],2.3 [2–2.6],2.4 [2.1–2.7],2.4 [2.2–2.7],2.5 [2.2–2.8],2.6 [2.3–2.9]
Greece,0.2 [0.2–0.3],0.2 [0.2–0.2],0.2 [0.2–0.2],0.2 [0.2–0.2],0.2 [0.2–0.2],0.2 [0.2–0.2],0.2 [0.2–0.2],0.2 [0.2–0.2],0.2 [0.2–0.2],0.2 [0.1–0.2],0.2 [0.1–0.2],0.1 [0.1–0.2],0.1 [0.1–0.2],0.1 [<0.1–0.1],0.1 [<0.1–0.1],<0.1 [<0.1–0.1],<0.1 [<0.1–0.1],<0.1 [<0.1–<0.1],<0.1 [<0.1–<0.1],<0.1 [<0.1–<0.1],<0.1 [<0.1–<0.1],<0.1 [<0.1–<0.1],<0.1 [<0.1–<0.1]
Grenada,No data,No data,No data,No data,No data,No data,No data,No data,No data,No data,No data,No data,No data,No data,No data,No data,No data,No data,No data,No data,No data,No data,No data
Guatemala,0.2 [0.2–0.2],0.2 [0.2–0.3],0.2 [0.2–0.3],0.2 [0.2–0.3],0.2 [0.2–0.3],0.2 [0.2–0.3],0.3 [0.2–0.3],0.3 [0.2–0.3],0.3 [0.2–0.3],0.3 [0.3–0.3],0.3 [0.3–0.3],0.3 [0.3–0.4],0.3 [0.3–0.4],0.3 [0.3–0.4],0.3 [0.3–0.4],0.4 [0.3–0.5],0.4 [0.3–0.5],0.4 [0.3–0.5],0.4 [0.3–0.5],0.4 [0.3–0.6],0.4 [0.3–0.6],0.5 [0.3–0.6],0.5 [0.3–0.7]
Guinea,1.4 [1.2–1.7],1.5 [1.2–1.7],1.5 [1.3–1.7],1.5 [1.3–1.8],1.6 [1.4–1.8],1.6 [1.4–1.8],1.6 [1.4–1.8],1.6 [1.4–1.8],1.7 [1.5–1.8],1.7 [1.5–1.8],1.7 [1.5–1.9],1.7 [1.5–1.9],1.7 [1.5–1.9],1.7 [1.5–1.9],1.7 [1.5–1.9],1.7 [1.5–1.9],1.7 [1.5–1.9],1.7 [1.5–2],1.7 [1.5–2],1.7 [1.5–2],1.7 [1.5–2.1],1.7 [1.4–2.1],1.7 [1.4–2.1]
Guinea-Bissau,2.4 [2.1–2.8],2.5 [2.2–2.9],2.7 [2.4–3],2.8 [2.5–3.1],2.9 [2.6–3.3],3.1 [2.7–3.4],3.2 [2.8–3.6],3.3 [3–3.7],3.4 [3.1–3.8],3.6 [3.2–4],3.7 [3.3–4.1],3.8 [3.5–4.2],3.9 [3.6–4.4],4 [3.7–4.5],4.1 [3.8–4.6],4.2 [3.8–4.7],4.3 [3.9–4.8],4.4 [4–4.9],4.5 [4–5],4.5 [4–4.9],4.4 [3.8–4.9],4.2 [3.7–4.8],3.8 [3.3–4.4]
Guyana,1.5 [1.3–1.7],1.5 [1.3–1.7],1.5 [1.3–1.7],1.5 [1.3–1.7],1.5 [1.3–1.6],1.5 [1.4–1.7],1.5 [1.4–1.7],1.5 [1.4–1.7],1.5 [1.4–1.7],1.5 [1.4–1.7],1.5 [1.4–1.6],1.5 [1.3–1.6],1.4 [1.3–1.6],1.4 [1.3–1.6],1.3 [1.2–1.5],1.3 [1.1–1.5],1.2 [1–1.4],1.1 [0.9–1.3],1 [0.8–1.2],0.9 [0.7–1.1],0.8 [0.6–1],0.7 [0.5–0.9],0.6 [0.4–0.8]
Haiti,1.7 [1.5–1.9],1.7 [1.5–1.8],1.7 [1.5–1.8],1.7 [1.5–1.8],1.7 [1.5–1.8],1.7 [1.5–1.8],1.7 [1.5–1.8],1.7 [1.5–1.8],1.7 [1.5–1.8],1.7 [1.5–1.8],1.7 [1.5–1.8],1.7 [1.5–1.8],1.7 [1.6–1.9],1.7 [1.6–1.9],1.8 [1.6–1.9],1.8 [1.6–2],1.9 [1.7–2.1],1.9 [1.7–2.1],2 [1.8–2.2],2.1 [1.8–2.3],2.2 [1.9–2.4],2.2 [2–2.5],2.3 [2–2.6]
Honduras,0.2 [0.2–0.2],0.2 [0.2–0.2],0.2 [0.2–0.2],0.2 [0.2–0.2],0.2 [0.2–0.3],0.3 [0.2–0.3],0.3 [0.2–0.3],0.3 [0.3–0.3],0.3 [0.3–0.3],0.3 [0.3–0.4],0.4 [0.3–0.4],0.4 [0.4–0.4],0.4 [0.4–0.5],0.5 [0.4–0.5],0.5 [0.5–0.5],0.5 [0.5–0.6],0.6 [0.6–0.6],0.6 [0.6–0.7],0.7 [0.6–0.7],0.7 [0.7–0.8],0.8 [0.7–0.9],0.8 [0.7–0.9],0.9 [0.8–1]
Hungary,No data,No data,No data,No data,No data,No data,No data,No data,No data,No data,No data,No data,No data,No data,No data,No data,No data,No data,No data,No data,No data,No data,No data
Iceland,0.1 [<0.1–0.1],0.1 [<0.1–0.1],0.1 [<0.1–0.1],0.1 [<0.1–0.1],0.1 [<0.1–0.1],0.1 [<0.1–0.1],0.1 [<0.1–0.1],<0.1 [<0.1–0.1],<0.1 [<0.1–0.1],<0.1 [<0.1–0.1],<0.1 [<0.1–0.1],<0.1 [<0.1–0.1],<0.1 [<0.1–<0.1],<0.1 [<0.1–<0.1],<0.1 [<0.1–<0.1],<0.1 [<0.1–<0.1],<0.1 [<0.1–<0.1],<0.1 [<0.1–<0.1],<0.1 [<0.1–<0.1],<0.1 [<0.1–<0.1],<0.1 [<0.1–<0.1],<0.1 [<0.1–<0.1],<0.1 [<0.1–<0.1]
India,0.2 [0.2–0.2],0.2 [0.2–0.3],0.2 [0.2–0.3],0.2 [0.2–0.3],0.2 [0.2–0.3],0.2 [0.2–0.3],0.2 [0.2–0.3],0.3 [0.2–0.3],0.3 [0.2–0.3],0.3 [0.2–0.3],0.3 [0.2–0.4],0.3 [0.3–0.4],0.3 [0.3–0.4],0.3 [0.3–0.4],0.4 [0.3–0.4],0.4 [0.3–0.5],0.4 [0.3–0.5],0.4 [0.4–0.5],0.5 [0.4–0.6],0.5 [0.4–0.6],0.5 [0.4–0.6],0.5 [0.5–0.7],0.6 [0.5–0.7]
Indonesia,0.3 [0.3–0.4],0.4 [0.3–0.4],0.4 [0.3–0.4],0.4 [0.3–0.4],0.4 [0.3–0.4],0.4 [0.3–0.4],0.4 [0.3–0.4],0.4 [0.3–0.4],0.4 [0.3–0.4],0.4 [0.3–0.4],0.3 [0.3–0.4],0.3 [0.3–0.4],0.3 [0.3–0.4],0.3 [0.3–0.3],0.3 [0.2–0.3],0.2 [0.2–0.3],0.2 [0.2–0.3],0.2 [0.2–0.2],0.2 [0.1–0.2],0.1 [0.1–0.2],0.1 [<0.1–0.1],<0.1 [<0.1–<0.1],<0.1 [<0.1–<0.1]
Iran (Islamic Republic of),<0.1 [<0.1–0.1],<0.1 [<0.1–0.1],<0.1 [<0.1–0.1],<0.1 [<0.1–0.1],<0.1 [<0.1–0.1],<0.1 [<0.1–0.1],<0.1 [<0.1–0.1],<0.1 [<0.1–0.1],<0.1 [<0.1–0.1],<0.1 [<0.1–0.1],0.1 [<0.1–0.1],0.1 [<0.1–0.1],0.1 [<0.1–0.1],0.1 [<0.1–0.1],0.1 [<0.1–0.1],0.1 [<0.1–0.1],0.1 [<0.1–0.1],<0.1 [<0.1–0.1],<0.1 [<0.1–0.1],<0.1 [<0.1–0.1],<0.1 [<0.1–0.1],<0.1 [<0.1–<0.1],<0.1 [<0.1–<0.1]
Iraq,<0.1 [<0.1–<0.1],<0.1 [<0.1–<0.1],<0.1 [<0.1–<0.1],<0.1 [<0.1–<0.1],<0.1 [<0.1–<0.1],<0.1 [<0.1–<0.1],<0.1 [<0.1–<0.1],<0.1 [<0.1–<0.1],<0.1 [<0.1–<0.1],<0.1 [<0.1–<0.1],<0.1 [<0.1–<0.1],<0.1 [<0.1–<0.1],<0.1 [<0.1–<0.1],<0.1 [<0.1–<0.1],<0.1 [<0.1–<0.1],<0.1 [<0.1–<0.1],<0.1 [<0.1–<0.1],<0.1 [<0.1–<0.1],<0.1 [<0.1–<0.1],<0.1 [<0.1–<0.1],<0.1 [<0.1–<0.1],<0.1 [<0.1–<0.1],<0.1 [<0.1–<0.1]
Ireland,No data,0.2 [0.2–0.2],0.2 [0.2–0.2],0.2 [0.2–0.2],0.2 [0.2–0.2],0.2 [0.2–0.2],0.2 [0.2–0.2],0.2 [0.2–0.2],0.2 [0.2–0.2],0.2 [0.2–0.2],0.2 [0.2–0.2],0.2 [0.1–0.2],0.2 [0.1–0.2],0.1 [0.1–0.2],0.1 [0.1–0.1],0.1 [0.1–0.1],0.1 [0.1–0.1],0.1 [0.1–0.1],0.1 [<0.1–0.1],0.1 [<0.1–0.1],<0.1 [<0.1–0.1],<0.1 [<0.1–<0.1],<0.1 [<0.1–<0.1]
Israel,No data,No data,No data,No data,No data,No data,No data,No data,No data,No data,No data,No data,No data,No data,No data,No data,No data,No data,No data,No data,No data,No data,No data
Italy,0.2 [0.2–0.3],0.2 [0.2–0.3],0.2 [0.2–0.3],0.2 [0.2–0.3],0.2 [0.2–0.3],0.3 [0.2–0.3],0.3 [0.2–0.3],0.3 [0.2–0.3],0.3 [0.2–0.3],0.3 [0.2–0.3],0.3 [0.2–0.3],0.3 [0.2–0.3],0.3 [0.2–0.3],0.3 [0.2–0.3],0.3 [0.2–0.3],0.3 [0.2–0.3],0.2 [0.2–0.3],0.2 [0.2–0.3],0.2 [0.2–0.3],0.2 [0.2–0.2],0.2 [0.2–0.2],0.2 [0.2–0.2],0.2 [0.2–0.2]
Jamaica,1.3 [1.3–1.3],1.3 [1.3–1.3],1.3 [1.3–1.3],1.3 [1.3–1.3],1.3 [1.3–1.3],1.3 [1.3–1.3],1.3 [1.3–1.3],1.3 [1.3–1.3],1.4 [1.4–1.4],1.4 [1.4–1.4],1.4 [1.4–1.4],1.4 [1.4–1.4],1.4 [1.4–1.4],1.4 [1.4–1.4],1.4 [1.4–1.4],1.4 [1.4–1.4],1.4 [1.4–1.4],1.4 [1.4–1.4],1.5 [1.5–1.5],1.5 [1.5–1.5],1.5 [1.5–1.5],1.5 [1.5–1.5],1.6 [1.6–1.6]
Japan,No data,No data,No data,No data,No data,No data,No data,No data,No data,No data,No data,No data,No data,No data,No data,No data,No data,No data,No data,No data,No data,No data,No data
Jordan,<0.1 [<0.1–<0.1],<0.1 [<0.1–<0.1],<0.1 [<0.1–<0.1],<0.1 [<0.1–<0.1],<0.1 [<0.1–<0.1],<0.1 [<0.1–<0.1],<0.1 [<0.1–<0.1],<0.1 [<0.1–<0.1],<0.1 [<0.1–<0.1],<0.1 [<0.1–<0.1],<0.1 [<0.1–<0.1],<0.1 [<0.1–<0.1],<0.1 [<0.1–<0.1],<0.1 [<0.1–<0.1],<0.1 [<0.1–<0.1],<0.1 [<0.1–<0.1],<0.1 [<0.1–<0.1],<0.1 [<0.1–<0.1],<0.1 [<0.1–<0.1],<0.1 [<0.1–<0.1],<0.1 [<0.1–<0.1],<0.1 [<0.1–<0.1],<0.1 [<0.1–<0.1]
Kazakhstan,No data,No data,No data,No data,No data,No data,No data,No data,No data,No data,No data,No data,No data,No data,No data,No data,No data,No data,No data,No data,No data,No data,No data
Kenya,3.7 [3.3–4.1],3.9 [3.5–4.3],4 [3.7–4.5],4.2 [3.8–4.7],4.4 [4–4.9],4.6 [4.1–5.1],4.8 [4.3–5.3],4.9 [4.5–5.5],5.1 [4.6–5.7],5.2 [4.7–5.9],5.4 [4.8–6],5.5 [4.9–6.1],5.6 [5.1–6.3],5.7 [5.2–6.4],5.9 [5.3–6.6],6.1 [5.5–6.8],6.3 [5.7–7],6.6 [5.9–7.3],6.9 [6.3–7.7],7.3 [6.6–8.2],7.8 [7.1–8.8],8.3 [7.5–9.3],8.7 [7.9–9.8]
Kiribati,No data,No data,No data,No data,No data,No data,No data,No data,No data,No data,No data,No data,No data,No data,No data,No data,No data,No data,No data,No data,No data,No data,No data
Kuwait,<0.1 [<0.1–<0.1],<0.1 [<0.1–<0.1],<0.1 [<0.1–<0.1],<0.1 [<0.1–<0.1],<0.1 [<0.1–<0.1],<0.1 [<0.1–<0.1],<0.1 [<0.1–<0.1],<0.1 [<0.1–<0.1],<0.1 [<0.1–<0.1],<0.1 [<0.1–<0.1],<0.1 [<0.1–<0.1],<0.1 [<0.1–<0.1],<0.1 [<0.1–<0.1],<0.1 [<0.1–<0.1],<0.1 [<0.1–<0.1],<0.1 [<0.1–<0.1],<0.1 [<0.1–<0.1],<0.1 [<0.1–<0.1],<0.1 [<0.1–<0.1],<0.1 [<0.1–<0.1],<0.1 [<0.1–<0.1],<0.1 [<0.1–<0.1],<0.1 [<0.1–<0.1]
Kyrgyzstan,0.3 [0.2–0.3],0.2 [0.2–0.3],0.2 [0.2–0.2],0.2 [0.2–0.2],0.2 [0.2–0.2],0.2 [0.2–0.2],0.2 [0.2–0.2],0.2 [0.2–0.2],0.2 [0.2–0.2],0.2 [0.2–0.2],0.1 [0.1–0.1],0.1 [0.1–0.1],0.1 [0.1–0.1],0.1 [<0.1–0.1],<0.1 [<0.1–<0.1],<0.1 [<0.1–<0.1],<0.1 [<0.1–<0.1],<0.1 [<0.1–<0.1],<0.1 [<0.1–<0.1],<0.1 [<0.1–<0.1],<0.1 [<0.1–<0.1],<0.1 [<0.1–<0.1],<0.1 [<0.1–<0.1]
Lao People's Democratic Republic,0.4 [0.3–0.4],0.4 [0.3–0.4],0.4 [0.3–0.4],0.4 [0.3–0.4],0.3 [0.3–0.4],0.3 [0.3–0.4],0.3 [0.3–0.4],0.3 [0.3–0.4],0.3 [0.3–0.4],0.3 [0.3–0.3],0.3 [0.3–0.3],0.3 [0.2–0.3],0.3 [0.2–0.3],0.3 [0.2–0.3],0.2 [0.2–0.3],0.2 [0.2–0.2],0.2 [0.2–0.2],0.2 [0.2–0.2],0.2 [0.1–0.2],0.1 [0.1–0.2],0.1 [0.1–0.1],0.1 [<0.1–0.1],<0.1 [<0.1–<0.1]
Latvia,0.7 [0.6–0.8],0.7 [0.6–0.8],0.7 [0.6–0.8],0.7 [0.6–0.7],0.6 [0.6–0.7],0.6 [0.5–0.7],0.6 [0.5–0.6],0.5 [0.5–0.6],0.5 [0.5–0.6],0.5 [0.5–0.5],0.5 [0.4–0.5],0.4 [0.4–0.5],0.4 [0.4–0.5],0.4 [0.4–0.4],0.4 [0.4–0.4],0.4 [0.3–0.4],0.4 [0.3–0.4],0.3 [0.3–0.4],0.3 [0.3–0.4],0.3 [0.3–0.4],0.3 [0.3–0.3],0.3 [0.3–0.3],0.3 [0.2–0.3]
Lebanon,<0.1 [<0.1–0.1],<0.1 [<0.1–0.1],<0.1 [<0.1–<0.1],<0.1 [<0.1–<0.1],<0.1 [<0.1–<0.1],<0.1 [<0.1–<0.1],<0.1 [<0.1–<0.1],<0.1 [<0.1–<0.1],<0.1 [<0.1–<0.1],<0.1 [<0.1–<0.1],<0.1 [<0.1–<0.1],<0.1 [<0.1–<0.1],<0.1 [<0.1–<0.1],<0.1 [<0.1–<0.1],<0.1 [<0.1–<0.1],<0.1 [<0.1–<0.1],<0.1 [<0.1–<0.1],<0.1 [<0.1–<0.1],<0.1 [<0.1–<0.1],<0.1 [<0.1–<0.1],<0.1 [<0.1–<0.1],<0.1 [<0.1–<0.1],<0.1 [<0.1–<0.1]
Lesotho,19.3 [18.1–20.1],20.2 [19.1–21],21 [20–21.6],21.7 [20.9–22.3],22.4 [21.7–23],23.1 [22.4–23.6],23.7 [22.9–24.2],24.1 [23.5–24.6],24.4 [23.7–24.9],24.6 [23.8–25.2],24.6 [23.8–25.3],24.5 [23.7–25.2],24.4 [23.5–25.1],24.2 [23.4–25],23.9 [23–24.7],23.5 [22.6–24.3],23.3 [22.3–24.1],23.1 [22.1–24],23 [21.9–24],22.9 [21.7–24],22.7 [21.3–23.9],22.3 [20.8–23.7],21.8 [20.1–23.3]
Liberia,1 [0.8–1.2],1 [0.9–1.3],1.1 [0.9–1.3],1.1 [1–1.3],1.1 [1–1.4],1.2 [1–1.4],1.2 [1.1–1.5],1.3 [1.2–1.5],1.4 [1.2–1.6],1.4 [1.3–1.7],1.5 [1.4–1.7],1.5 [1.4–1.8],1.6 [1.5–1.8],1.7 [1.5–1.9],1.7 [1.6–1.9],1.8 [1.6–2],1.9 [1.7–2.1],1.9 [1.7–2.2],2 [1.8–2.3],2.1 [1.8–2.4],2.1 [1.9–2.5],2.2 [1.9–2.6],2.2 [1.9–2.7]
Libya,0.2 [0.1–0.2],0.2 [0.1–0.2],0.2 [0.1–0.2],0.2 [0.1–0.2],0.2 [0.1–0.2],0.2 [0.1–0.2],0.2 [0.1–0.2],0.1 [0.1–0.2],0.1 [0.1–0.1],0.1 [0.1–0.1],0.1 [0.1–0.1],0.1 [0.1–0.1],0.1 [0.1–0.1],0.1 [<0.1–0.1],<0.1 [<0.1–0.1],<0.1 [<0.1–<0.1],<0.1 [<0.1–<0.1],<0.1 [<0.1–<0.1],<0.1 [<0.1–<0.1],<0.1 [<0.1–<0.1],<0.1 [<0.1–<0.1],<0.1 [<0.1–<0.1],<0.1 [<0.1–<0.1]
Lithuania,0.2 [0.2–0.2],0.2 [0.2–0.2],0.2 [0.2–0.2],0.2 [0.2–0.2],0.2 [0.2–0.2],0.2 [0.2–0.2],0.2 [0.2–0.2],0.2 [0.1–0.2],0.2 [0.1–0.2],0.1 [0.1–0.2],0.1 [0.1–0.2],0.1 [0.1–0.1],0.1 [0.1–0.1],0.1 [<0.1–0.1],0.1 [<0.1–0.1],<0.1 [<0.1–0.1],<0.1 [<0.1–0.1],<0.1 [<0.1–<0.1],<0.1 [<0.1–<0.1],<0.1 [<0.1–<0.1],<0.1 [<0.1–<0.1],<0.1 [<0.1–<0.1],<0.1 [<0.1–<0.1]
Luxembourg,0.2 [0.2–0.3],0.2 [0.2–0.3],0.2 [0.2–0.3],0.2 [0.2–0.3],0.2 [0.2–0.3],0.2 [0.2–0.2],0.2 [0.2–0.2],0.2 [0.2–0.2],0.2 [0.2–0.2],0.2 [0.2–0.2],0.2 [0.2–0.2],0.2 [0.2–0.2],0.2 [0.2–0.2],0.2 [0.2–0.2],0.2 [0.2–0.2],0.2 [0.2–0.2],0.2 [0.2–0.2],0.2 [0.2–0.2],0.2 [0.1–0.2],0.2 [0.1–0.2],0.2 [0.1–0.2],0.1 [0.1–0.2],0.1 [0.1–0.2]
Madagascar,0.4 [0.3–0.5],0.4 [0.3–0.4],0.4 [0.3–0.4],0.3 [0.3–0.4],0.3 [0.3–0.4],0.3 [0.3–0.3],0.3 [0.2–0.3],0.2 [0.2–0.3],0.2 [0.2–0.3],0.2 [0.2–0.2],0.2 [0.2–0.2],0.2 [0.1–0.2],0.1 [0.1–0.2],0.1 [0.1–0.2],0.1 [<0.1–0.1],<0.1 [<0.1–0.1],<0.1 [<0.1–0.1],<0.1 [<0.1–0.1],<0.1 [<0.1–<0.1],<0.1 [<0.1–<0.1],<0.1 [<0.1–<0.1],<0.1 [<0.1–<0.1],<0.1 [<0.1–<0.1]
Malawi,7.1 [6.5–7.4],7.5 [6.9–7.7],7.9 [7.3–8.1],8.3 [7.7–8.5],8.7 [8.1–8.9],9.1 [8.5–9.3],9.4 [8.9–9.6],9.6 [9.2–9.9],9.9 [9.4–10.1],10.1 [9.7–10.4],10.3 [9.9–10.6],10.4 [10.1–10.7],10.6 [10.2–10.9],10.7 [10.3–11.1],10.9 [10.5–11.4],11.1 [10.7–11.7],11.5 [11–12.1],12 [11.5–12.6],12.6 [12–13.1],13.1 [12.5–13.8],13.7 [13–14.4],14.2 [13.4–15],14.6 [13.7–15.4]
Malaysia,0.3 [0.3–0.4],0.3 [0.3–0.4],0.3 [0.3–0.4],0.4 [0.3–0.4],0.4 [0.3–0.4],0.4 [0.3–0.4],0.4 [0.3–0.4],0.4 [0.3–0.4],0.4 [0.3–0.4],0.4 [0.3–0.4],0.4 [0.3–0.4],0.4 [0.3–0.4],0.4 [0.3–0.4],0.4 [0.3–0.4],0.4 [0.3–0.4],0.4 [0.3–0.4],0.4 [0.3–0.4],0.4 [0.3–0.4],0.4 [0.3–0.4],0.4 [0.3–0.4],0.4 [0.3–0.4],0.4 [0.3–0.4],0.4 [0.3–0.4]
Maldives,<0.1 [<0.1–<0.1],<0.1 [<0.1–<0.1],<0.1 [<0.1–<0.1],<0.1 [<0.1–<0.1],<0.1 [<0.1–<0.1],<0.1 [<0.1–<0.1],<0.1 [<0.1–<0.1],<0.1 [<0.1–<0.1],<0.1 [<0.1–<0.1],<0.1 [<0.1–<0.1],<0.1 [<0.1–<0.1],<0.1 [<0.1–<0.1],<0.1 [<0.1–<0.1],<0.1 [<0.1–<0.1],<0.1 [<0.1–<0.1],<0.1 [<0.1–<0.1],<0.1 [<0.1–<0.1],<0.1 [<0.1–<0.1],<0.1 [<0.1–<0.1],<0.1 [<0.1–<0.1],<0.1 [<0.1–<0.1],<0.1 [<0.1–<0.1],<0.1 [<0.1–<0.1]
Mali,0.9 [0.7–1.1],0.9 [0.7–1.2],1 [0.7–1.2],1 [0.8–1.2],1 [0.8–1.3],1.1 [0.9–1.3],1.1 [0.9–1.3],1.1 [0.9–1.4],1.2 [1–1.4],1.2 [1–1.5],1.3 [1.1–1.5],1.3 [1.1–1.5],1.3 [1.1–1.6],1.3 [1.1–1.6],1.4 [1.2–1.6],1.4 [1.2–1.6],1.4 [1.2–1.7],1.5 [1.2–1.7],1.5 [1.3–1.8],1.6 [1.3–1.8],1.6 [1.3–1.9],1.6 [1.3–2],1.7 [1.4–2]
Malta,0.2 [0.2–0.3],0.2 [0.2–0.3],0.2 [0.2–0.3],0.2 [0.2–0.3],0.2 [0.2–0.3],0.2 [0.2–0.3],0.2 [0.2–0.2],0.2 [0.2–0.2],0.2 [0.2–0.2],0.2 [0.1–0.2],0.2 [0.1–0.2],0.1 [0.1–0.2],0.1 [0.1–0.2],0.1 [0.1–0.1],0.1 [0.1–0.1],0.1 [<0.1–0.1],<0.1 [<0.1–0.1],<0.1 [<0.1–<0.1],<0.1 [<0.1–<0.1],<0.1 [<0.1–<0.1],<0.1 [<0.1–<0.1],<0.1 [<0.1–<0.1],<0.1 [<0.1–<0.1]
Marshall Islands,No data,No data,No data,No data,No data,No data,No data,No data,No data,No data,No data,No data,No data,No data,No data,No data,No data,No data,No data,No data,No data,No data,No data
Mauritania,0.3 [0.2–0.4],0.3 [0.2–0.4],0.3 [0.2–0.4],0.3 [0.2–0.4],0.3 [0.2–0.4],0.3 [0.3–0.4],0.3 [0.3–0.4],0.4 [0.3–0.4],0.4 [0.3–0.4],0.4 [0.3–0.5],0.4 [0.4–0.5],0.5 [0.4–0.5],0.5 [0.4–0.6],0.5 [0.4–0.6],0.5 [0.5–0.6],0.6 [0.5–0.6],0.6 [0.5–0.7],0.6 [0.5–0.7],0.6 [0.5–0.7],0.6 [0.5–0.7],0.6 [0.5–0.7],0.6 [0.5–0.7],0.6 [0.5–0.7]
Mauritius,No data,No data,No data,No data,No data,No data,No data,No data,No data,No data,No data,No data,No data,No data,No data,No data,No data,No data,No data,No data,No data,No data,No data
Mexico,0.4 [0.4–0.5],0.4 [0.4–0.5],0.4 [0.4–0.4],0.4 [0.4–0.4],0.4 [0.4–0.4],0.4 [0.4–0.4],0.4 [0.3–0.4],0.4 [0.3–0.4],0.4 [0.3–0.4],0.4 [0.3–0.4],0.3 [0.3–0.4],0.3 [0.3–0.4],0.3 [0.3–0.3],0.3 [0.3–0.3],0.3 [0.3–0.3],0.3 [0.3–0.3],0.3 [0.3–0.3],0.3 [0.3–0.3],0.3 [0.3–0.3],0.3 [0.2–0.3],0.2 [0.2–0.3],0.2 [0.2–0.2],0.2 [0.2–0.2]
Micronesia (Federated States of),No data,No data,No data,No data,No data,No data,No data,No data,No data,No data,No data,No data,No data,No data,No data,No data,No data,No data,No data,No data,No data,No data,No data
Monaco,No data,No data,No data,No data,No data,No data,No data,No data,No data,No data,No data,No data,No data,No data,No data,No data,No data,No data,No data,No data,No data,No data,No data
Mongolia,<0.1 [<0.1–<0.1],<0.1 [<0.1–<0.1],<0.1 [<0.1–<0.1],<0.1 [<0.1–<0.1],<0.1 [<0.1–<0.1],<0.1 [<0.1–<0.1],<0.1 [<0.1–<0.1],<0.1 [<0.1–<0.1],<0.1 [<0.1–<0.1],<0.1 [<0.1–<0.1],<0.1 [<0.1–<0.1],<0.1 [<0.1–<0.1],<0.1 [<0.1–<0.1],<0.1 [<0.1–<0.1],<0.1 [<0.1–<0.1],<0.1 [<0.1–<0.1],<0.1 [<0.1–<0.1],<0.1 [<0.1–<0.1],<0.1 [<0.1–<0.1],<0.1 [<0.1–<0.1],<0.1 [<0.1–<0.1],<0.1 [<0.1–<0.1],<0.1 [<0.1–<0.1]
Montenegro,0.1 [0.1–0.1],0.1 [0.1–0.1],0.1 [<0.1–0.1],0.1 [<0.1–0.1],0.1 [<0.1–0.1],0.1 [<0.1–0.1],<0.1 [<0.1–0.1],<0.1 [<0.1–0.1],<0.1 [<0.1–<0.1],<0.1 [<0.1–<0.1],<0.1 [<0.1–<0.1],<0.1 [<0.1–<0.1],<0.1 [<0.1–<0.1],<0.1 [<0.1–<0.1],<0.1 [<0.1–<0.1],<0.1 [<0.1–<0.1],<0.1 [<0.1–<0.1],<0.1 [<0.1–<0.1],<0.1 [<0.1–<0.1],<0.1 [<0.1–<0.1],<0.1 [<0.1–<0.1],<0.1 [<0.1–<0.1],<0.1 [<0.1–<0.1]
Morocco,<0.1 [<0.1–<0.1],<0.1 [<0.1–<0.1],<0.1 [<0.1–<0.1],<0.1 [<0.1–<0.1],<0.1 [<0.1–<0.1],<0.1 [<0.1–<0.1],<0.1 [<0.1–<0.1],<0.1 [<0.1–<0.1],<0.1 [<0.1–<0.1],<0.1 [<0.1–<0.1],<0.1 [<0.1–<0.1],<0.1 [<0.1–<0.1],<0.1 [<0.1–<0.1],<0.1 [<0.1–<0.1],<0.1 [<0.1–<0.1],<0.1 [<0.1–<0.1],<0.1 [<0.1–<0.1],<0.1 [<0.1–<0.1],<0.1 [<0.1–<0.1],<0.1 [<0.1–<0.1],<0.1 [<0.1–<0.1],<0.1 [<0.1–<0.1],<0.1 [<0.1–<0.1]
Mozambique,11.6 [11.1–12.2],11.9 [11.4–12.4],12.1 [11.6–12.5],12.2 [11.8–12.6],12.3 [11.9–12.7],12.3 [11.9–12.7],12.4 [12–12.8],12.4 [12–12.8],12.3 [11.9–12.8],12.2 [11.8–12.7],12.1 [11.6–12.6],11.9 [11.4–12.5],11.8 [11.2–12.4],11.6 [11–12.2],11.4 [10.7–12.1],11.2 [10.5–11.9],11 [10.3–11.7],10.8 [10.1–11.6],10.5 [9.8–11.4],10.2 [9.5–11.1],9.8 [9.1–10.8],9.3 [8.5–10.2],8.6 [7.9–9.5]
Myanmar,0.9 [0.7–1.1],0.9 [0.7–1.1],0.9 [0.7–1],0.9 [0.7–1],0.9 [0.7–1],0.9 [0.7–1],0.9 [0.7–1],0.9 [0.7–1],0.9 [0.7–1],0.9 [0.7–1],0.9 [0.7–1],0.9 [0.7–1],0.9 [0.7–1],0.9 [0.7–1],0.8 [0.7–1],0.8 [0.7–1],0.8 [0.7–0.9],0.8 [0.7–0.9],0.8 [0.7–0.9],0.8 [0.7–0.9],0.7 [0.6–0.8],0.7 [0.6–0.8],0.6 [0.5–0.7]
Namibia,11 [10.5–11.6],11.4 [10.9–12],11.8 [11.2–12.4],12.1 [11.6–12.7],12.3 [11.8–12.9],12.5 [12.1–13.1],12.7 [12.2–13.3],12.9 [12.4–13.4],13 [12.5–13.6],13.1 [12.5–13.7],13.2 [12.6–13.8],13.2 [12.6–13.9],13.2 [12.7–13.9],13.3 [12.7–14],13.3 [12.7–14],13.4 [12.8–14.1],13.5 [12.8–14.3],13.7 [12.9–14.5],13.8 [13–14.7],14 [13.1–14.9],14.1 [13.2–15],14 [13.1–14.9],13.7 [12.9–14.7]
Nauru,No data,No data,No data,No data,No data,No data,No data,No data,No data,No data,No data,No data,No data,No data,No data,No data,No data,No data,No data,No data,No data,No data,No data
Nepal,0.1 [<0.1–0.1],0.1 [0.1–0.1],0.1 [0.1–0.1],0.1 [0.1–0.1],0.1 [0.1–0.2],0.1 [0.1–0.2],0.2 [0.1–0.2],0.2 [0.1–0.2],0.2 [0.2–0.2],0.2 [0.2–0.2],0.2 [0.2–0.2],0.2 [0.2–0.2],0.2 [0.2–0.2],0.2 [0.2–0.2],0.2 [0.2–0.2],0.2 [0.2–0.3],0.2 [0.2–0.3],0.2 [0.2–0.3],0.2 [0.2–0.3],0.2 [0.2–0.2],0.2 [0.2–0.2],0.2 [0.1–0.2],0.2 [0.1–0.2]
Netherlands (Kingdom of the),No data,0.2 [0.1–0.2],0.2 [0.1–0.2],0.2 [0.1–0.2],0.2 [0.1–0.2],0.2 [0.1–0.2],0.2 [0.1–0.2],0.2 [0.2–0.2],0.2 [0.2–0.2],0.2 [0.2–0.2],0.2 [0.2–0.2],0.2 [0.2–0.2],0.2 [0.1–0.2],0.2 [0.1–0.2],0.2 [0.1–0.2],0.2 [0.1–0.2],0.2 [0.1–0.2],0.2 [0.1–0.2],0.1 [0.1–0.2],0.1 [0.1–0.2],0.1 [0.1–0.2],0.1 [<0.1–0.2],0.1 [<0.1–0.1]
New Zealand,<0.1 [<0.1–<0.1],<0.1 [<0.1–<0.1],<0.1 [<0.1–<0.1],<0.1 [<0.1–<0.1],<0.1 [<0.1–<0.1],<0.1 [<0.1–<0.1],<0.1 [<0.1–<0.1],<0.1 [<0.1–<0.1],<0.1 [<0.1–<0.1],<0.1 [<0.1–<0.1],<0.1 [<0.1–<0.1],<0.1 [<0.1–<0.1],<0.1 [<0.1–<0.1],<0.1 [<0.1–<0.1],<0.1 [<0.1–<0.1],<0.1 [<0.1–<0.1],<0.1 [<0.1–<0.1],<0.1 [<0.1–<0.1],<0.1 [<0.1–<0.1],<0.1 [<0.1–<0.1],<0.1 [<0.1–<0.1],<0.1 [<0.1–<0.1],<0.1 [<0.1–<0.1]
Nicaragua,0.3 [0.2–0.3],0.3 [0.2–0.3],0.3 [0.2–0.3],0.3 [0.2–0.3],0.3 [0.2–0.3],0.3 [0.2–0.3],0.3 [0.2–0.3],0.3 [0.2–0.3],0.3 [0.2–0.3],0.3 [0.2–0.3],0.3 [0.2–0.3],0.3 [0.2–0.3],0.3 [0.2–0.3],0.2 [0.2–0.3],0.2 [0.2–0.3],0.2 [0.2–0.3],0.2 [0.2–0.3],0.2 [0.2–0.3],0.2 [0.2–0.3],0.2 [0.2–0.3],0.2 [0.1–0.3],0.2 [0.1–0.2],0.2 [0.1–0.2]
Niger,0.2 [0.2–0.2],0.2 [0.2–0.2],0.2 [0.2–0.2],0.2 [0.2–0.2],0.2 [0.2–0.2],0.2 [0.2–0.3],0.2 [0.2–0.3],0.3 [0.2–0.3],0.3 [0.3–0.3],0.3 [0.3–0.3],0.3 [0.3–0.4],0.3 [0.3–0.4],0.4 [0.3–0.4],0.4 [0.4–0.5],0.4 [0.4–0.5],0.5 [0.4–0.6],0.5 [0.5–0.6],0.6 [0.5–0.7],0.7 [0.6–0.7],0.7 [0.6–0.8],0.8 [0.7–0.9],0.8 [0.7–0.9],0.8 [0.7–0.9]
Nigeria,No data,No data,No data,No data,No data,No data,No data,No data,No data,No data,No data,No data,No data,No data,No data,No data,No data,No data,No data,No data,No data,No data,No data
Niue,No data,No data,No data,No data,No data,No data,No data,No data,No data,No data,No data,No data,No data,No data,No data,No data,No data,No data,No data,No data,No data,No data,No data
North Macedonia,<0.1 [<0.1–<0.1],<0.1 [<0.1–<0.1],<0.1 [<0.1–<0.1],<0.1 [<0.1–<0.1],<0.1 [<0.1–<0.1],<0.1 [<0.1–<0.1],<0.1 [<0.1–<0.1],<0.1 [<0.1–<0.1],<0.1 [<0.1–<0.1],<0.1 [<0.1–<0.1],<0.1 [<0.1–<0.1],<0.1 [<0.1–<0.1],<0.1 [<0.1–<0.1],<0.1 [<0.1–<0.1],<0.1 [<0.1–<0.1],<0.1 [<0.1–<0.1],<0.1 [<0.1–<0.1],<0.1 [<0.1–<0.1],<0.1 [<0.1–<0.1],<0.1 [<0.1–<0.1],<0.1 [<0.1–<0.1],<0.1 [<0.1–<0.1],<0.1 [<0.1–<0.1]
Norway,No data,No data,No data,No data,No data,No data,No data,No data,No data,No data,No data,No data,No data,No data,No data,No data,No data,No data,No data,No data,No data,No data,No data
Oman,<0.1 [<0.1–<0.1],<0.1 [<0.1–<0.1],<0.1 [<0.1–<0.1],<0.1 [<0.1–<0.1],<0.1 [<0.1–<0.1],<0.1 [<0.1–<0.1],<0.1 [<0.1–<0.1],<0.1 [<0.1–<0.1],<0.1 [<0.1–<0.1],<0.1 [<0.1–<0.1],<0.1 [<0.1–<0.1],<0.1 [<0.1–<0.1],<0.1 [<0.1–<0.1],<0.1 [<0.1–<0.1],<0.1 [<0.1–<0.1],<0.1 [<0.1–<0.1],<0.1 [<0.1–<0.1],<0.1 [<0.1–<0.1],<0.1 [<0.1–<0.1],<0.1 [<0.1–<0.1],<0.1 [<0.1–<0.1],<0.1 [<0.1–<0.1],<0.1 [<0.1–<0.1]
Pakistan,0.2 [0.2–0.2],0.2 [0.2–0.2],0.2 [0.2–0.2],0.2 [0.1–0.2],0.1 [0.1–0.2],0.1 [0.1–0.2],0.1 [0.1–0.1],0.1 [0.1–0.1],0.1 [<0.1–0.1],0.1 [<0.1–0.1],<0.1 [<0.1–0.1],<0.1 [<0.1–<0.1],<0.1 [<0.1–<0.1],<0.1 [<0.1–<0.1],<0.1 [<0.1–<0.1],<0.1 [<0.1–<0.1],<0.1 [<0.1–<0.1],<0.1 [<0.1–<0.1],<0.1 [<0.1–<0.1],<0.1 [<0.1–<0.1],<0.1 [<0.1–<0.1],<0.1 [<0.1–<0.1],<0.1 [<0.1–<0.1]
Palau,No data,No data,No data,No data,No data,No data,No data,No data,No data,No data,No data,No data,No data,No data,No data,No data,No data,No data,No data,No data,No data,No data,No data
Panama,1 [0.9–1.1],1 [0.9–1.1],1 [0.9–1],1 [0.9–1],1 [0.9–1],1 [0.9–1],0.9 [0.9–1],0.9 [0.9–1],0.9 [0.9–1],0.9 [0.8–1],0.9 [0.8–0.9],0.9 [0.8–0.9],0.9 [0.8–0.9],0.8 [0.8–0.9],0.8 [0.8–0.9],0.8 [0.7–0.8],0.8 [0.7–0.8],0.8 [0.7–0.8],0.7 [0.7–0.8],0.7 [0.7–0.8],0.7 [0.6–0.7],0.7 [0.6–0.7],0.6 [0.6–0.7]
Papua New Guinea,1 [0.9–1.1],1 [0.9–1.1],0.9 [0.9–1],0.9 [0.8–1],0.8 [0.8–0.9],0.8 [0.8–0.9],0.8 [0.8–0.9],0.8 [0.7–0.8],0.8 [0.7–0.8],0.8 [0.7–0.8],0.7 [0.7–0.8],0.7 [0.7–0.8],0.7 [0.7–0.8],0.7 [0.7–0.8],0.7 [0.6–0.8],0.7 [0.6–0.8],0.7 [0.6–0.8],0.7 [0.6–0.7],0.6 [0.5–0.7],0.6 [0.5–0.6],0.5 [0.4–0.6],0.5 [0.4–0.5],0.4 [0.3–0.5]
Paraguay,0.5 [0.4–0.5],0.5 [0.4–0.5],0.5 [0.4–0.5],0.4 [0.4–0.5],0.4 [0.4–0.5],0.4 [0.4–0.4],0.4 [0.4–0.4],0.4 [0.4–0.4],0.4 [0.4–0.4],0.4 [0.3–0.4],0.3 [0.3–0.4],0.3 [0.3–0.3],0.3 [0.3–0.3],0.3 [0.3–0.3],0.3 [0.2–0.3],0.2 [0.2–0.3],0.2 [0.2–0.2],0.2 [0.2–0.2],0.2 [0.2–0.2],0.2 [0.2–0.2],0.2 [0.2–0.2],0.2 [0.2–0.2],0.2 [0.1–0.2]
Peru,0.4 [0.3–0.5],0.4 [0.3–0.4],0.4 [0.3–0.4],0.4 [0.3–0.4],0.4 [0.3–0.4],0.4 [0.3–0.4],0.3 [0.3–0.4],0.3 [0.3–0.4],0.3 [0.3–0.4],0.3 [0.3–0.4],0.3 [0.3–0.4],0.3 [0.3–0.4],0.4 [0.3–0.4],0.4 [0.3–0.4],0.4 [0.3–0.4],0.4 [0.3–0.4],0.4 [0.3–0.4],0.4 [0.3–0.4],0.4 [0.4–0.5],0.4 [0.4–0.5],0.4 [0.4–0.5],0.5 [0.4–0.5],0.5 [0.4–0.5]
Philippines,0.3 [0.2–0.3],0.2 [0.2–0.3],0.2 [0.2–0.3],0.2 [0.1–0.2],0.2 [0.1–0.2],0.1 [0.1–0.2],0.1 [<0.1–0.1],<0.1 [<0.1–0.1],<0.1 [<0.1–<0.1],<0.1 [<0.1–<0.1],<0.1 [<0.1–<0.1],<0.1 [<0.1–<0.1],<0.1 [<0.1–<0.1],<0.1 [<0.1–<0.1],<0.1 [<0.1–<0.1],<0.1 [<0.1–<0.1],<0.1 [<0.1–<0.1],<0.1 [<0.1–<0.1],<0.1 [<0.1–<0.1],<0.1 [<0.1–<0.1],<0.1 [<0.1–<0.1],<0.1 [<0.1–<0.1],<0.1 [<0.1–<0.1]
Poland,No data,<0.1 [<0.1–<0.1],<0.1 [<0.1–<0.1],<0.1 [<0.1–<0.1],<0.1 [<0.1–<0.1],<0.1 [<0.1–<0.1],<0.1 [<0.1–<0.1],<0.1 [<0.1–<0.1],<0.1 [<0.1–<0.1],<0.1 [<0.1–<0.1],<0.1 [<0.1–<0.1],<0.1 [<0.1–<0.1],<0.1 [<0.1–<0.1],<0.1 [<0.1–<0.1],<0.1 [<0.1–<0.1],<0.1 [<0.1–<0.1],<0.1 [<0.1–<0.1],<0.1 [<0.1–<0.1],<0.1 [<0.1–<0.1],<0.1 [<0.1–<0.1],<0.1 [<0.1–<0.1],<0.1 [<0.1–<0.1],<0.1 [<0.1–<0.1]
Portugal,0.5 [0.5–0.6],0.5 [0.5–0.6],0.5 [0.5–0.6],0.6 [0.5–0.6],0.6 [0.5–0.6],0.6 [0.5–0.6],0.6 [0.5–0.6],0.6 [0.5–0.7],0.6 [0.6–0.7],0.6 [0.6–0.7],0.6 [0.6–0.7],0.6 [0.6–0.7],0.6 [0.6–0.7],0.6 [0.6–0.7],0.6 [0.6–0.6],0.6 [0.5–0.6],0.6 [0.5–0.6],0.6 [0.5–0.6],0.6 [0.5–0.6],0.6 [0.5–0.6],0.6 [0.5–0.6],0.5 [0.5–0.6],0.5 [0.5–0.6]
Qatar,<0.1 [<0.1–<0.1],<0.1 [<0.1–<0.1],<0.1 [<0.1–<0.1],<0.1 [<0.1–<0.1],<0.1 [<0.1–<0.1],<0.1 [<0.1–<0.1],<0.1 [<0.1–<0.1],<0.1 [<0.1–<0.1],<0.1 [<0.1–<0.1],<0.1 [<0.1–<0.1],<0.1 [<0.1–<0.1],<0.1 [<0.1–<0.1],<0.1 [<0.1–<0.1],<0.1 [<0.1–<0.1],<0.1 [<0.1–<0.1],<0.1 [<0.1–<0.1],<0.1 [<0.1–<0.1],<0.1 [<0.1–<0.1],<0.1 [<0.1–<0.1],<0.1 [<0.1–<0.1],<0.1 [<0.1–<0.1],<0.1 [<0.1–<0.1],<0.1 [<0.1–<0.1]
Republic of Korea,No data,No data,No data,No data,No data,No data,No data,No data,No data,No data,No data,No data,No data,No data,No data,No data,No data,No data,No data,No data,No data,No data,No data
Republic of Moldova,0.9 [0.7–1.5],0.9 [0.7–1.4],0.8 [0.7–1.4],0.8 [0.7–1.4],0.8 [0.7–1.3],0.8 [0.6–1.3],0.7 [0.6–1.3],0.7 [0.6–1.2],0.7 [0.6–1.2],0.7 [0.6–1.1],0.6 [0.5–1.1],0.6 [0.5–1],0.6 [0.5–1],0.6 [0.5–0.9],0.5 [0.4–0.9],0.5 [0.4–0.8],0.5 [0.4–0.8],0.4 [0.4–0.7],0.4 [0.3–0.7],0.4 [0.3–0.6],0.4 [0.3–0.6],0.3 [0.3–0.6],0.3 [0.3–0.5]
Romania,0.1 [0.1–0.2],0.1 [0.1–0.2],0.1 [0.1–0.2],0.1 [0.1–0.2],0.1 [0.1–0.2],0.1 [0.1–0.2],0.1 [0.1–0.1],0.1 [0.1–0.1],0.1 [0.1–0.1],0.1 [0.1–0.1],0.1 [0.1–0.1],0.1 [0.1–0.1],0.1 [0.1–0.1],0.1 [0.1–0.1],0.1 [0.1–0.1],0.1 [<0.1–0.1],<0.1 [<0.1–<0.1],<0.1 [<0.1–<0.1],<0.1 [<0.1–<0.1],<0.1 [<0.1–<0.1],<0.1 [<0.1–<0.1],<0.1 [<0.1–<0.1],<0.1 [<0.1–<0.1]
Russian Federation,No data,No data,No data,No data,No data,No data,No data,No data,No data,No data,No data,No data,No data,No data,No data,No data,No data,No data,No data,No data,No data,No data,No data
Rwanda,2.3 [2.1–2.5],2.4 [2.2–2.6],2.6 [2.4–2.8],2.7 [2.5–2.9],2.8 [2.6–3],2.9 [2.8–3.1],3.1 [2.9–3.3],3.2 [3–3.4],3.3 [3.1–3.5],3.4 [3.2–3.6],3.5 [3.3–3.7],3.6 [3.4–3.8],3.7 [3.5–3.9],3.7 [3.5–4],3.8 [3.6–4],3.9 [3.6–4.1],4 [3.7–4.2],4.1 [3.8–4.4],4.2 [3.9–4.5],4.4 [4–4.8],4.6 [4.1–5],4.7 [4.2–5.2],4.8 [4.3–5.4]
Saint Kitts and Nevis,No data,No data,No data,No data,No data,No data,No data,No data,No data,No data,No data,No data,No data,No data,No data,No data,No data,No data,No data,No data,No data,No data,No data
Saint Lucia,No data,No data,No data,No data,No data,No data,No data,No data,No data,No data,No data,No data,No data,No data,No data,No data,No data,No data,No data,No data,No data,No data,No data
Saint Vincent and the Grenadines,No data,No data,No data,No data,No data,No data,No data,No data,No data,No data,No data,No data,No data,No data,No data,No data,No data,No data,No data,No data,No data,No data,No data
Samoa,No data,No data,No data,No data,No data,No data,No data,No data,No data,No data,No data,No data,No data,No data,No data,No data,No data,No data,No data,No data,No data,No data,No data
San Marino,No data,No data,No data,No data,No data,No data,No data,No data,No data,No data,No data,No data,No data,No data,No data,No data,No data,No data,No data,No data,No data,No data,No data
Sao Tome and Principe,0.4 [0.3–0.6],0.5 [0.4–0.6],0.5 [0.4–0.6],0.5 [0.4–0.7],0.6 [0.5–0.7],0.6 [0.5–0.8],0.6 [0.5–0.8],0.7 [0.6–0.9],0.7 [0.6–1],0.8 [0.6–1],0.9 [0.7–1.1],0.9 [0.8–1.2],1 [0.8–1.3],1.1 [0.9–1.4],1.2 [1–1.6],1.3 [1–1.7],1.5 [1.2–1.9],1.6 [1.3–2.1],1.8 [1.4–2.3],2 [1.5–2.5],2.1 [1.7–2.7],2.3 [1.8–3],2.5 [1.9–3.2]
Saudi Arabia,<0.1 [<0.1–<0.1],<0.1 [<0.1–<0.1],<0.1 [<0.1–<0.1],<0.1 [<0.1–<0.1],<0.1 [<0.1–<0.1],<0.1 [<0.1–<0.1],<0.1 [<0.1–<0.1],<0.1 [<0.1–<0.1],<0.1 [<0.1–<0.1],<0.1 [<0.1–<0.1],<0.1 [<0.1–<0.1],<0.1 [<0.1–<0.1],<0.1 [<0.1–<0.1],<0.1 [<0.1–<0.1],<0.1 [<0.1–<0.1],<0.1 [<0.1–<0.1],<0.1 [<0.1–<0.1],<0.1 [<0.1–<0.1],<0.1 [<0.1–<0.1],<0.1 [<0.1–<0.1],<0.1 [<0.1–<0.1],<0.1 [<0.1–<0.1],<0.1 [<0.1–<0.1]
Senegal,0.3 [0.3–0.4],0.3 [0.3–0.4],0.3 [0.3–0.4],0.4 [0.3–0.4],0.4 [0.3–0.4],0.4 [0.4–0.4],0.4 [0.4–0.5],0.4 [0.4–0.5],0.5 [0.4–0.5],0.5 [0.4–0.5],0.5 [0.5–0.6],0.5 [0.5–0.6],0.6 [0.5–0.6],0.6 [0.5–0.7],0.6 [0.5–0.7],0.6 [0.6–0.7],0.7 [0.6–0.7],0.7 [0.6–0.8],0.7 [0.6–0.8],0.7 [0.7–0.9],0.7 [0.7–0.9],0.7 [0.6–0.8],0.7 [0.6–0.8]
Serbia,<0.1 [<0.1–<0.1],<0.1 [<0.1–<0.1],<0.1 [<0.1–<0.1],<0.1 [<0.1–<0.1],<0.1 [<0.1–<0.1],<0.1 [<0.1–<0.1],<0.1 [<0.1–<0.1],<0.1 [<0.1–<0.1],<0.1 [<0.1–<0.1],<0.1 [<0.1–<0.1],<0.1 [<0.1–<0.1],<0.1 [<0.1–<0.1],<0.1 [<0.1–<0.1],<0.1 [<0.1–<0.1],<0.1 [<0.1–<0.1],<0.1 [<0.1–<0.1],<0.1 [<0.1–<0.1],<0.1 [<0.1–<0.1],<0.1 [<0.1–<0.1],<0.1 [<0.1–<0.1],<0.1 [<0.1–<0.1],<0.1 [<0.1–<0.1],<0.1 [<0.1–<0.1]
Seychelles,No data,No data,No data,No data,No data,No data,No data,No data,No data,No data,No data,No data,No data,No data,No data,No data,No data,No data,No data,No data,No data,No data,No data
Sierra Leone,1.4 [1.2–1.7],1.4 [1.2–1.7],1.4 [1.2–1.7],1.5 [1.3–1.7],1.5 [1.3–1.7],1.5 [1.3–1.7],1.5 [1.3–1.7],1.5 [1.4–1.7],1.6 [1.4–1.8],1.6 [1.4–1.8],1.6 [1.4–1.8],1.6 [1.4–1.8],1.6 [1.4–1.8],1.7 [1.4–1.9],1.7 [1.5–1.9],1.7 [1.5–1.9],1.7 [1.5–2],1.7 [1.5–2],1.7 [1.4–2.1],1.7 [1.4–2.1],1.7 [1.4–2.1],1.7 [1.4–2.2],1.7 [1.3–2.2]
Singapore,No data,No data,No data,No data,No data,No data,No data,No data,No data,No data,No data,No data,No data,No data,No data,No data,No data,No data,No data,No data,No data,No data,No data
Slovakia,<0.1 [<0.1–<0.1],<0.1 [<0.1–<0.1],<0.1 [<0.1–<0.1],<0.1 [<0.1–<0.1],<0.1 [<0.1–<0.1],<0.1 [<0.1–<0.1],<0.1 [<0.1–<0.1],<0.1 [<0.1–<0.1],<0.1 [<0.1–<0.1],<0.1 [<0.1–<0.1],<0.1 [<0.1–<0.1],<0.1 [<0.1–<0.1],<0.1 [<0.1–<0.1],<0.1 [<0.1–<0.1],<0.1 [<0.1–<0.1],<0.1 [<0.1–<0.1],<0.1 [<0.1–<0.1],<0.1 [<0.1–<0.1],<0.1 [<0.1–<0.1],<0.1 [<0.1–<0.1],<0.1 [<0.1–<0.1],<0.1 [<0.1–<0.1],<0.1 [<0.1–<0.1]
Slovenia,<0.1 [<0.1–<0.1],<0.1 [<0.1–<0.1],<0.1 [<0.1–<0.1],<0.1 [<0.1–<0.1],<0.1 [<0.1–<0.1],<0.1 [<0.1–<0.1],<0.1 [<0.1–<0.1],<0.1 [<0.1–<0.1],<0.1 [<0.1–<0.1],<0.1 [<0.1–<0.1],<0.1 [<0.1–<0.1],<0.1 [<0.1–<0.1],<0.1 [<0.1–<0.1],<0.1 [<0.1–<0.1],<0.1 [<0.1–<0.1],<0.1 [<0.1–<0.1],<0.1 [<0.1–<0.1],<0.1 [<0.1–<0.1],<0.1 [<0.1–<0.1],<0.1 [<0.1–<0.1],<0.1 [<0.1–<0.1],<0.1 [<0.1–<0.1],<0.1 [<0.1–<0.1]
Solomon Islands,No data,No data,No data,No data,No data,No data,No data,No data,No data,No data,No data,No data,No data,No data,No data,No data,No data,No data,No data,No data,No data,No data,No data
Somalia,No data,No data,No data,No data,No data,No data,No data,No data,No data,No data,No data,No data,No data,No data,No data,No data,No data,No data,No data,No data,No data,No data,No data
South Africa,17.8 [11.9–23.2],18.2 [12.2–23.7],18.5 [12.4–24],18.7 [12.7–24.3],18.8 [12.9–24.6],18.8 [13–24.7],18.8 [13.1–24.6],18.7 [13.1–24.5],18.6 [13–24.3],18.3 [12.9–24.1],18.1 [12.8–23.8],17.8 [12.6–23.5],17.5 [12.4–23.2],17.2 [12.2–23],16.8 [12–22.6],16.5 [11.7–22.2],16.2 [11.4–21.8],15.8 [11.1–21.4],15.5 [10.9–20.9],15 [10.6–20.3],14.5 [10.2–19.6],13.8 [9.7–18.8],13 [9.1–17.7]
South Sudan,1.9 [1.6–2.5],2 [1.6–2.5],2 [1.7–2.5],2.1 [1.7–2.6],2.1 [1.7–2.7],2.2 [1.8–2.7],2.2 [1.8–2.7],2.2 [1.8–2.8],2.3 [1.8–2.8],2.3 [1.8–2.8],2.3 [1.8–2.9],2.3 [1.8–2.9],2.4 [1.9–3],2.4 [1.9–3],2.4 [1.9–3.1],2.5 [1.9–3.2],2.5 [1.9–3.2],2.5 [1.9–3.3],2.5 [1.9–3.3],2.5 [1.9–3.3],2.5 [1.8–3.3],2.5 [1.7–3.3],2.4 [1.6–3.2]
Spain,0.2 [0.2–0.3],0.2 [0.2–0.3],0.3 [0.2–0.3],0.3 [0.2–0.3],0.3 [0.2–0.3],0.3 [0.2–0.3],0.3 [0.2–0.3],0.3 [0.2–0.3],0.3 [0.3–0.3],0.3 [0.3–0.3],0.3 [0.3–0.3],0.3 [0.3–0.3],0.3 [0.3–0.3],0.3 [0.3–0.3],0.3 [0.3–0.3],0.3 [0.3–0.4],0.3 [0.3–0.4],0.4 [0.3–0.4],0.4 [0.3–0.4],0.4 [0.3–0.4],0.4 [0.4–0.4],0.4 [0.4–0.4],0.4 [0.4–0.4]
Sri Lanka,<0.1 [<0.1–<0.1],<0.1 [<0.1–<0.1],<0.1 [<0.1–<0.1],<0.1 [<0.1–<0.1],<0.1 [<0.1–<0.1],<0.1 [<0.1–<0.1],<0.1 [<0.1–<0.1],<0.1 [<0.1–<0.1],<0.1 [<0.1–<0.1],<0.1 [<0.1–<0.1],<0.1 [<0.1–<0.1],<0.1 [<0.1–<0.1],<0.1 [<0.1–<0.1],<0.1 [<0.1–<0.1],<0.1 [<0.1–<0.1],<0.1 [<0.1–<0.1],<0.1 [<0.1–<0.1],<0.1 [<0.1–<0.1],<0.1 [<0.1–<0.1],<0.1 [<0.1–<0.1],<0.1 [<0.1–<0.1],<0.1 [<0.1–<0.1],<0.1 [<0.1–<0.1]
Sudan,0.1 [0.1–0.2],0.1 [0.1–0.2],0.1 [0.1–0.2],0.1 [0.1–0.1],0.1 [0.1–0.1],0.1 [0.1–0.1],0.1 [0.1–0.1],0.1 [0.1–0.1],0.1 [0.1–0.1],0.1 [0.1–0.1],0.1 [0.1–0.2],0.1 [0.1–0.2],0.1 [0.1–0.2],0.1 [0.1–0.2],0.1 [0.1–0.2],0.1 [0.1–0.2],0.1 [0.1–0.2],0.1 [0.1–0.2],0.1 [0.1–0.2],0.1 [0.1–0.2],0.1 [0.1–0.2],0.1 [<0.1–0.2],0.1 [<0.1–0.2]
Suriname,1.6 [1.3–1.9],1.6 [1.3–1.9],1.5 [1.3–1.8],1.5 [1.3–1.8],1.5 [1.3–1.8],1.5 [1.3–1.8],1.5 [1.3–1.8],1.5 [1.3–1.8],1.5 [1.3–1.8],1.5 [1.3–1.8],1.5 [1.3–1.8],1.5 [1.3–1.7],1.5 [1.2–1.7],1.4 [1.2–1.7],1.4 [1.2–1.6],1.4 [1.2–1.6],1.4 [1.2–1.6],1.3 [1.2–1.6],1.3 [1.1–1.6],1.3 [1.1–1.5],1.3 [1.1–1.5],1.2 [1–1.5],1.2 [1–1.5]
Sweden,No data,No data,No data,No data,No data,No data,No data,No data,No data,No data,No data,No data,No data,No data,No data,No data,No data,No data,No data,No data,No data,No data,No data
Switzerland,No data,0.2 [0.2–0.2],0.2 [0.2–0.2],0.2 [0.2–0.2],0.2 [0.2–0.2],0.2 [0.2–0.2],0.2 [0.2–0.2],0.2 [0.2–0.3],0.2 [0.2–0.3],0.2 [0.2–0.3],0.2 [0.2–0.3],0.2 [0.2–0.3],0.2 [0.2–0.3],0.2 [0.2–0.3],0.2 [0.2–0.2],0.2 [0.2–0.2],0.2 [0.2–0.2],0.2 [0.2–0.2],0.2 [0.2–0.2],0.2 [0.2–0.2],0.2 [0.2–0.2],0.2 [0.2–0.2],0.2 [0.2–0.2]
Syrian Arab Republic,<0.1 [<0.1–<0.1],<0.1 [<0.1–<0.1],<0.1 [<0.1–<0.1],<0.1 [<0.1–<0.1],<0.1 [<0.1–<0.1],<0.1 [<0.1–<0.1],<0.1 [<0.1–<0.1],<0.1 [<0.1–<0.1],<0.1 [<0.1–<0.1],<0.1 [<0.1–<0.1],<0.1 [<0.1–<0.1],<0.1 [<0.1–<0.1],<0.1 [<0.1–<0.1],<0.1 [<0.1–<0.1],<0.1 [<0.1–<0.1],<0.1 [<0.1–<0.1],<0.1 [<0.1–<0.1],<0.1 [<0.1–<0.1],<0.1 [<0.1–<0.1],<0.1 [<0.1–<0.1],<0.1 [<0.1–<0.1],<0.1 [<0.1–<0.1],<0.1 [<0.1–<0.1]
Turkiye,No data,No data,No data,No data,No data,No data,No data,No data,No data,No data,No data,No data,No data,No data,No data,No data,No data,No data,No data,No data,No data,No data,No data
Tajikistan,0.2 [0.2–0.2],0.2 [0.2–0.2],0.2 [0.2–0.2],0.2 [0.2–0.2],0.2 [0.2–0.2],0.2 [0.2–0.2],0.2 [0.1–0.2],0.1 [0.1–0.1],0.1 [0.1–0.1],0.1 [<0.1–0.1],<0.1 [<0.1–<0.1],<0.1 [<0.1–<0.1],<0.1 [<0.1–<0.1],<0.1 [<0.1–<0.1],<0.1 [<0.1–<0.1],<0.1 [<0.1–<0.1],<0.1 [<0.1–<0.1],<0.1 [<0.1–<0.1],<0.1 [<0.1–<0.1],<0.1 [<0.1–<0.1],<0.1 [<0.1–<0.1],<0.1 [<0.1–<0.1],<0.1 [<0.1–<0.1]
Thailand,1.1 [0.9–1.2],1.1 [0.9–1.3],1.2 [1–1.3],1.2 [1–1.4],1.3 [1.1–1.5],1.3 [1.1–1.5],1.4 [1.2–1.6],1.4 [1.2–1.6],1.5 [1.3–1.7],1.5 [1.3–1.7],1.6 [1.4–1.8],1.6 [1.4–1.8],1.7 [1.4–1.9],1.7 [1.5–1.9],1.8 [1.5–2],1.8 [1.6–2.1],1.9 [1.6–2.1],1.9 [1.6–2.2],2 [1.7–2.3],2 [1.8–2.4],2.1 [1.8–2.4],2.2 [1.9–2.5],2.2 [1.9–2.6]
Timor-Leste,0.2 [0.1–0.2],0.2 [0.1–0.2],0.2 [0.1–0.2],0.2 [0.1–0.2],0.2 [0.1–0.2],0.2 [0.1–0.2],0.2 [0.1–0.2],0.1 [0.1–0.2],0.1 [0.1–0.2],0.1 [0.1–0.2],0.1 [0.1–0.2],0.1 [0.1–0.2],0.1 [<0.1–0.2],0.1 [<0.1–0.2],0.1 [<0.1–0.2],0.1 [<0.1–0.1],0.1 [<0.1–0.1],0.1 [<0.1–0.1],0.1 [<0.1–0.1],0.1 [<0.1–0.1],<0.1 [<0.1–0.1],<0.1 [<0.1–0.1],<0.1 [<0.1–0.1]
Togo,1.7 [1.4–2],1.8 [1.5–2.1],1.9 [1.5–2.2],2 [1.6–2.3],2.1 [1.7–2.4],2.1 [1.8–2.5],2.2 [1.9–2.6],2.3 [2–2.7],2.4 [2.1–2.8],2.5 [2.1–3],2.6 [2.2–3.1],2.7 [2.3–3.2],2.8 [2.3–3.3],2.9 [2.4–3.4],3 [2.5–3.6],3.1 [2.6–3.8],3.3 [2.7–3.9],3.4 [2.8–4.1],3.5 [2.9–4.3],3.7 [3–4.4],3.8 [3.1–4.6],3.9 [3.2–4.7],3.9 [3.2–4.7]
Tonga,No data,No data,No data,No data,No data,No data,No data,No data,No data,No data,No data,No data,No data,No data,No data,No data,No data,No data,No data,No data,No data,No data,No data
Trinidad and Tobago,1 [0.9–1.2],1.1 [0.9–1.2],1.1 [1–1.2],1.1 [1–1.2],1.2 [1.1–1.3],1.2 [1.1–1.3],1.2 [1.1–1.3],1.3 [1.2–1.3],1.3 [1.2–1.4],1.3 [1.2–1.4],1.3 [1.2–1.4],1.4 [1.2–1.5],1.4 [1.3–1.5],1.4 [1.3–1.5],1.4 [1.3–1.5],1.4 [1.3–1.6],1.4 [1.3–1.6],1.4 [1.3–1.6],1.4 [1.3–1.5],1.4 [1.3–1.5],1.4 [1.2–1.6],1.3 [1.1–1.6],1.2 [0.9–1.5]
Tunisia,<0.1 [<0.1–0.1],<0.1 [<0.1–0.1],<0.1 [<0.1–0.1],<0.1 [<0.1–0.1],<0.1 [<0.1–0.1],<0.1 [<0.1–0.1],<0.1 [<0.1–0.1],<0.1 [<0.1–0.1],<0.1 [<0.1–0.1],<0.1 [<0.1–0.1],<0.1 [<0.1–0.1],<0.1 [<0.1–0.1],<0.1 [<0.1–0.1],<0.1 [<0.1–<0.1],<0.1 [<0.1–<0.1],<0.1 [<0.1–<0.1],<0.1 [<0.1–<0.1],<0.1 [<0.1–<0.1],<0.1 [<0.1–<0.1],<0.1 [<0.1–<0.1],<0.1 [<0.1–<0.1],<0.1 [<0.1–<0.1],<0.1 [<0.1–<0.1]
Turkmenistan,No data,No data,No data,No data,No data,No data,No data,No data,No data,No data,No data,No data,No data,No data,No data,No data,No data,No data,No data,No data,No data,No data,No data
Tuvalu,No data,No data,No data,No data,No data,No data,No data,No data,No data,No data,No data,No data,No data,No data,No data,No data,No data,No data,No data,No data,No data,No data,No data
Uganda,5.1 [4.9–5.3],5.2 [5.1–5.4],5.4 [5.2–5.5],5.5 [5.4–5.7],5.7 [5.5–5.8],5.8 [5.6–5.9],5.9 [5.8–6],6 [5.9–6.1],6.1 [6–6.2],6.2 [6–6.3],6.2 [6.1–6.4],6.3 [6.1–6.5],6.3 [6.1–6.5],6.3 [6.1–6.5],6.4 [6.2–6.6],6.4 [6.2–6.6],6.5 [6.3–6.7],6.6 [6.3–6.8],6.7 [6.4–6.9],6.8 [6.6–7.1],7 [6.7–7.3],7.2 [6.9–7.5],7.5 [7.1–7.8]
Ukraine,No data,No data,No data,No data,No data,No data,No data,No data,No data,No data,No data,No data,No data,No data,No data,No data,No data,No data,No data,No data,No data,No data,No data
United Arab Emirates,<0.1 [<0.1–<0.1],<0.1 [<0.1–<0.1],<0.1 [<0.1–<0.1],<0.1 [<0.1–<0.1],<0.1 [<0.1–<0.1],<0.1 [<0.1–<0.1],<0.1 [<0.1–<0.1],<0.1 [<0.1–<0.1],<0.1 [<0.1–<0.1],<0.1 [<0.1–<0.1],<0.1 [<0.1–<0.1],<0.1 [<0.1–<0.1],<0.1 [<0.1–<0.1],<0.1 [<0.1–<0.1],<0.1 [<0.1–<0.1],<0.1 [<0.1–<0.1],<0.1 [<0.1–<0.1],<0.1 [<0.1–<0.1],<0.1 [<0.1–<0.1],<0.1 [<0.1–<0.1],<0.1 [<0.1–<0.1],<0.1 [<0.1–<0.1],<0.1 [<0.1–<0.1]
United Kingdom of Great Britain and Northern Ireland,No data,No data,No data,No data,No data,No data,No data,No data,No data,No data,No data,No data,No data,No data,No data,No data,No data,No data,No data,No data,No data,No data,No data
United Republic of Tanzania,4.3 [4–4.5],4.5 [4.2–4.8],4.7 [4.5–5],4.9 [4.7–5.1],5.1 [4.8–5.3],5.2 [4.9–5.4],5.3 [5–5.5],5.3 [5.1–5.5],5.4 [5.2–5.6],5.4 [5.2–5.6],5.4 [5.2–5.6],5.5 [5.2–5.7],5.5 [5.2–5.7],5.6 [5.3–5.8],5.7 [5.4–5.9],5.8 [5.5–6],5.9 [5.6–6.2],6.1 [5.8–6.4],6.3 [6–6.6],6.6 [6.2–6.9],6.8 [6.4–7.2],7 [6.6–7.5],7.3 [6.8–7.7]
United States of America,No data,0.4 [0.3–0.5],0.4 [0.3–0.5],0.4 [0.3–0.5],0.4 [0.3–0.5],0.4 [0.3–0.5],0.4 [0.3–0.5],0.4 [0.4–0.5],0.4 [0.4–0.6],0.4 [0.4–0.6],0.4 [0.4–0.6],0.4 [0.4–0.6],0.4 [0.4–0.6],No data,No data,No data,No data,No data,No data,No data,No data,No data,No data
Uruguay,0.6 [0.6–0.7],0.6 [0.6–0.7],0.6 [0.6–0.7],0.6 [0.6–0.7],0.6 [0.5–0.6],0.6 [0.5–0.6],0.6 [0.5–0.6],0.5 [0.5–0.6],0.5 [0.5–0.6],0.5 [0.5–0.5],0.5 [0.4–0.5],0.5 [0.4–0.5],0.5 [0.4–0.5],0.4 [0.4–0.5],0.4 [0.4–0.4],0.4 [0.4–0.4],0.4 [0.4–0.4],0.4 [0.3–0.4],0.3 [0.3–0.4],0.3 [0.3–0.3],0.3 [0.3–0.3],0.3 [0.3–0.3],0.3 [0.2–0.3]
Uzbekistan,0.3 [0.3–0.4],0.3 [0.3–0.4],0.3 [0.3–0.3],0.3 [0.3–0.3],0.3 [0.3–0.3],0.3 [0.2–0.3],0.2 [0.2–0.3],0.2 [0.2–0.2],0.2 [0.2–0.2],0.2 [0.2–0.2],0.2 [0.1–0.2],0.1 [0.1–0.2],0.1 [0.1–0.1],<0.1 [<0.1–0.1],<0.1 [<0.1–<0.1],<0.1 [<0.1–<0.1],<0.1 [<0.1–<0.1],<0.1 [<0.1–<0.1],<0.1 [<0.1–<0.1],<0.1 [<0.1–<0.1],<0.1 [<0.1–<0.1],<0.1 [<0.1–<0.1],<0.1 [<0.1–<0.1]
Vanuatu,No data,No data,No data,No data,No data,No data,No data,No data,No data,No data,No data,No data,No data,No data,No data,No data,No data,No data,No data,No data,No data,No data,No data
Venezuela (Bolivarian Republic of),0.5 [0.4–0.5],0.5 [0.4–0.5],0.5 [0.4–0.5],0.5 [0.4–0.5],0.5 [0.4–0.5],0.5 [0.4–0.5],0.5 [0.4–0.5],0.5 [0.4–0.5],0.5 [0.4–0.5],0.5 [0.4–0.6],0.5 [0.5–0.6],0.5 [0.5–0.6],0.5 [0.5–0.6],0.6 [0.5–0.6],0.6 [0.5–0.6],0.6 [0.5–0.6],0.6 [0.6–0.6],0.6 [0.6–0.7],0.5 [0.5–0.6],0.5 [0.4–0.5],0.4 [0.4–0.5],0.4 [0.3–0.4],0.3 [0.3–0.3]
Viet Nam,0.3 [0.3–0.4],0.3 [0.3–0.4],0.3 [0.3–0.4],0.4 [0.3–0.4],0.4 [0.3–0.4],0.4 [0.3–0.4],0.4 [0.3–0.4],0.4 [0.3–0.4],0.4 [0.3–0.4],0.4 [0.3–0.4],0.4 [0.3–0.4],0.4 [0.3–0.4],0.4 [0.3–0.4],0.4 [0.3–0.4],0.4 [0.3–0.4],0.3 [0.3–0.4],0.3 [0.3–0.4],0.3 [0.3–0.4],0.3 [0.3–0.4],0.3 [0.3–0.4],0.3 [0.3–0.3],0.3 [0.2–0.3],0.3 [0.2–0.3]
Yemen,<0.1 [<0.1–<0.1],<0.1 [<0.1–<0.1],<0.1 [<0.1–<0.1],<0.1 [<0.1–<0.1],<0.1 [<0.1–<0.1],<0.1 [<0.1–<0.1],<0.1 [<0.1–<0.1],<0.1 [<0.1–<0.1],<0.1 [<0.1–<0.1],<0.1 [<0.1–<0.1],<0.1 [<0.1–<0.1],<0.1 [<0.1–<0.1],<0.1 [<0.1–<0.1],<0.1 [<0.1–<0.1],<0.1 [<0.1–<0.1],<0.1 [<0.1–<0.1],<0.1 [<0.1–<0.1],<0.1 [<0.1–<0.1],<0.1 [<0.1–<0.1],<0.1 [<0.1–<0.1],<0.1 [<0.1–<0.1],<0.1 [<0.1–<0.1],<0.1 [<0.1–<0.1]
Zambia,10.8 [10.4–11.1],11.3 [11–11.5],11.8 [11.5–12],12.2 [12–12.4],12.5 [12.3–12.7],12.7 [12.5–12.9],12.9 [12.7–13.1],13 [12.8–13.2],13.2 [12.9–13.4],13.2 [13–13.5],13.3 [13–13.5],13.3 [13–13.6],13.3 [13–13.6],13.4 [13.1–13.7],13.4 [13.1–13.7],13.4 [13.1–13.7],13.5 [13.2–13.9],13.7 [13.3–14.1],13.9 [13.5–14.3],14.2 [13.7–14.6],14.4 [13.9–14.9],14.7 [14.2–15.2],14.9 [14.4–15.5]
Zimbabwe,11 [9.8–12],11.6 [10.3–12.6],12.1 [10.8–13.2],12.6 [11.2–13.7],13.1 [11.7–14.3],13.6 [12.1–14.8],14 [12.5–15.3],14.4 [12.8–15.7],14.7 [13.1–16],14.9 [13.3–16.3],15.2 [13.5–16.5],15.4 [13.7–16.7],15.6 [13.9–17],15.8 [14–17.2],16.1 [14.4–17.5],16.6 [14.8–18.1],17.2 [15.3–18.7],18 [16–19.6],18.8 [16.8–20.5],19.8 [17.6–21.5],20.8 [18.5–22.6],21.8 [19.4–23.7],22.8 [20.3–24.8]
